b539dcfb-cd34-40df-8869-c05fda1bf871,ldarke0@patch.com,(804) 8112593,tcoolican0@lycos.com,72
61e096fe-1c9e-430a-b12b-29bb9b02f819,mbaunton1@symantec.com,(156) 1125610,nobert1@deviantart.com,55
a199dfb7-2626-442d-afee-140d3bf6515c,jpetrov2@howstuffworks.com,(825) 9601088,jgodleman2@virginia.edu,78
75c42dc3-d5cb-40fa-a496-398ee7fe1251,tosuaird3@furl.net,(471) 4015358,cjovasevic3@infoseek.co.jp,64
970e1f7d-0314-4702-9983-74ca54bc2db4,rtomasik4@ycombinator.com,(584) 8078689,mpratty4@archive.org,53
058841a8-b026-4953-98cf-e22b09185dd3,cdorracott5@digg.com,(606) 7136457,challas5@economist.com,63
bc15425d-393b-4b19-9938-57b2352d3e80,cmapletoft6@opensource.org,(916) 2830417,nninnis6@yandex.ru,50
bebc6ebf-3e68-4e76-97fd-9811a65e92a4,nbartot7@hao123.com,(789) 8246907,itarbard7@livejournal.com,60
2ba6c409-a63b-40fa-98f7-e0ab8f71aa70,ewerndly8@webnode.com,(938) 9865525,acowan8@walmart.com,43
2392d34b-8480-4361-9823-418bfbd598f9,kperocci9@microsoft.com,(706) 8385962,hcarwithim9@fastcompany.com,43
475627a7-57ef-4891-9148-349691158c80,aburdetta@shop-pro.jp,(466) 1552719,cdelnevoa@shutterfly.com,40
606c834f-6676-44d4-b8b4-5fb841fa4858,ofewingsb@cisco.com,(503) 9849212,cduxbarryb@cocolog-nifty.com,23
2eef02be-bc5b-481e-90c0-145cd703cb0c,pbachurac@facebook.com,(140) 8467621,gharvettc@so-net.ne.jp,75
97410f5c-1b5d-4b02-af08-c3430f3e4e63,hjanuarystd@toplist.cz,(821) 6748885,mjeremiahd@google.com.br,50
e7951712-7b1b-40e5-a291-85624703e433,krandale@shinystat.com,(407) 5411519,awynrahamee@skype.com,61
3dd0eb1c-a284-407f-879e-4aef5c80b47f,tneilusf@jimdo.com,(817) 2248065,atonnerf@indiatimes.com,70
df270783-02e9-40b0-87eb-8ed458c2c744,tsanteg@alexa.com,(600) 2346885,tnancarrowg@live.com,37
c3696d0a-2a4c-4eef-95ac-477f1c070993,ltrevainh@mayoclinic.com,(575) 3101603,jbromehedh@nytimes.com,79
68e4ed65-6cea-4ca8-9ff6-7b4ff36cd49c,helsoni@paypal.com,(723) 4159834,nheitoni@nbcnews.com,71
9877e034-df17-451d-bb4f-94e4179c1d84,hevansj@virginia.edu,(159) 2303459,mstlouisj@last.fm,67
005fa476-791b-4aa3-8c0f-cc889d0593f1,lsintonk@elegantthemes.com,(464) 9099617,wtremolieresk@php.net,40
a6404721-5fe7-4eda-b157-66906e6feb3b,icarderol@cyberchimps.com,(769) 3291194,csantarellil@about.me,21
62d10046-c4b2-4e7e-b81a-9c21bb72eda2,jlambertonm@imdb.com,(104) 4554504,mearlm@amazon.co.uk,39
4c492cc8-fba2-4b87-8ce1-6bac54dbbc41,dkopacekn@imageshack.us,(177) 3433495,hcurgenvenn@sbwire.com,57
c3516edc-5bf4-48fe-8162-8c61723b84c3,wfrapeo@163.com,(662) 2052921,brentono@google.ru,67
f80e7f73-a1fb-4be6-a24f-8112071328eb,umaneylawsp@dagondesign.com,(619) 9192217,amoralp@cisco.com,53
ab7b502f-67b8-4c3e-972f-214a3e0c5e0f,dbrosterq@amazon.co.uk,(321) 6609169,vkarchowskiq@kickstarter.com,73
8ca0b689-bd49-45f9-a067-e7948de9c230,ipietaschr@xing.com,(998) 3494020,ghawardr@blogger.com,30
602e86f3-b015-4115-bdf1-9b71241d9b4b,nespinels@tinyurl.com,(578) 5482099,sbranches@mediafire.com,47
3f86a6ee-957e-4c0a-b55a-f4bd0dc72562,jcheynet@imdb.com,(992) 7999066,sdjurevict@nyu.edu,19
d4e82444-b5b7-4e96-9bfb-d1aef1e3c4bb,fdemannu@blogs.com,(536) 9677238,mhincksu@csmonitor.com,70
e6ab6fda-a101-406f-8e65-d8dc02cd25d9,gluckv@cisco.com,(934) 6647182,gvarndellv@ted.com,19
d35b5449-c4a1-4acc-9cb9-c0836c95160f,rtofftsw@bravesites.com,(249) 4844761,jkeenew@icio.us,22
6ab090e5-96af-46c4-b22a-071b5eaf6432,iroisx@unc.edu,(656) 3667860,adurnianx@time.com,49
49bc8a1c-65f1-4472-bfb0-f57d7e3311be,knafzgery@reverbnation.com,(618) 3939398,gplowmany@cocolog-nifty.com,58
995a58a2-77e4-42e5-bf8b-7775bd3a765c,kfinneranz@moonfruit.com,(668) 3794240,nbottingz@goo.gl,25
70a0e1e6-2d04-4cdc-a084-682c0cafb5bd,tpischoff10@alexa.com,(192) 3871556,jsainsbury10@uiuc.edu,61
d2d2b9fb-8bad-4fa5-b028-e851c376d587,nackenhead11@domainmarket.com,(771) 2130817,aeminson11@topsy.com,60
0711cb86-b882-4ea9-aca3-0af6d0363e92,wwaddy12@prnewswire.com,(566) 8653116,ujosefowicz12@imageshack.us,33
3e45e0af-33e7-47f4-8df8-654097134b80,gselborne13@opera.com,(795) 7226524,nsabattier13@list-manage.com,22
8de93cd7-667d-4118-9ff4-b4057a25ad44,hhedaux14@miibeian.gov.cn,(479) 9440873,sgozzett14@zdnet.com,73
c65fc63e-74ce-48b2-8ca1-2e4f74627c65,arofe15@eepurl.com,(334) 2107745,arump15@ftc.gov,55
8f7f6adb-0bae-4d79-8ad4-3f7454d7244e,twalduck16@flavors.me,(623) 2864986,aalmon16@amazon.com,64
1517ef84-0288-4fab-91d9-1018b773a35f,gkennady17@lulu.com,(409) 2784310,stinn17@europa.eu,60
8d5b2e74-5bfd-4fad-baa3-48dbd2af512b,cmacgebenay18@discovery.com,(381) 4284757,vsnap18@icio.us,29
aeaf3e70-e392-4ec2-a4c5-88620b5a4688,whealing19@zimbio.com,(151) 7096245,awarkup19@berkeley.edu,64
00493770-14b0-4b72-a706-5925966d1699,gpinkett1a@cdbaby.com,(698) 9719668,bagdahl1a@youtu.be,44
4b3d0c4f-efab-4738-9d84-782864778cd1,mkowalski1b@icio.us,(364) 8490331,afeakins1b@google.cn,67
a88ce6e1-f3a6-4d0b-aacd-228102774690,spatkin1c@webs.com,(356) 5722309,jgommery1c@bandcamp.com,80
64610c06-ad7a-4547-90da-437a31dc7c88,dreed1d@reverbnation.com,(448) 6171791,tgosdin1d@ibm.com,67
b18b6f98-43af-4acd-ab36-e303b55cd16e,llinch1e@wiley.com,(480) 6777872,lsoames1e@state.gov,25
794f136a-62ea-490c-b7e4-d41ebef815da,mmatuszinski1f@baidu.com,(816) 5893917,dgimbrett1f@jugem.jp,37
c964f254-2375-4510-a5f6-c82551e93dbe,okeattch1g@webeden.co.uk,(670) 9242158,lbuttriss1g@friendfeed.com,50
3799d752-0235-4874-94d3-4ebf14808ca0,dogelbe1h@nbcnews.com,(435) 4938364,rclee1h@nationalgeographic.com,32
28d66409-6d7e-4f3d-9923-200024624981,asommerled1i@java.com,(197) 6857300,dstlouis1i@washingtonpost.com,41
22c6cdf3-1049-4ec6-b98d-78d69fc37def,ikelemen1j@histats.com,(239) 1086927,kcastiello1j@ted.com,75
4c820dc3-eed3-4a3a-b87b-7b3afd5b7a59,ggiannassi1k@bravesites.com,(239) 7586635,chowler1k@studiopress.com,26
ad8deb5c-de0d-49e5-9b11-6a47d3932f19,tpetrello1l@mail.ru,(545) 3941221,smarkham1l@nationalgeographic.com,77
523d21e9-1382-46de-9f1c-1d15f092e58f,hbonnette1m@hud.gov,(260) 5132126,jugolini1m@desdev.cn,47
c47fb480-b865-4967-8f73-53a0e67ce8ba,lvannozzii1n@sourceforge.net,(995) 3900538,uhush1n@cbslocal.com,45
ee767419-f162-4538-bfa8-3c246dee3a76,gscottesmoor1o@intel.com,(725) 4965555,ccrumb1o@amazon.com,35
a7f0ab99-90ab-487a-84e6-0c23cb253d5d,bfippe1p@csmonitor.com,(571) 6058408,bbrookesbie1p@topsy.com,25
af7f7f37-b21c-4f61-a996-35b0627b999c,esherborn1q@is.gd,(492) 8468601,alugsdin1q@nature.com,60
1e40341c-303a-44ab-8190-0daf3962deb1,djovey1r@pen.io,(887) 5708800,fconstance1r@desdev.cn,20
8507f78c-49cf-49a1-8062-482e66222f01,imeekings1s@patch.com,(147) 6192279,ngreeves1s@163.com,56
a852cf73-5c58-45ca-974e-83baf38ca20b,lcrumb1t@wikimedia.org,(617) 6952722,ccassell1t@toplist.cz,70
a2c50a98-aa2d-4612-afdc-b5fb6b7b5903,bayling1u@wunderground.com,(210) 4242199,raingel1u@goodreads.com,71
c140cc81-a7ec-46b0-9b99-c4e990b5f0d1,rdandison1v@amazonaws.com,(419) 7021957,alapsley1v@buzzfeed.com,57
ed862283-0716-4557-bb4b-bc1435218d3a,amaudling1w@whitehouse.gov,(311) 1403824,bgurg1w@vistaprint.com,69
8db7dc0e-6723-4e2b-aa9d-6f2b2f01f5c8,wtole1x@google.co.uk,(221) 3099242,jmaceur1x@i2i.jp,70
b67f4300-4192-4137-ae7d-8246817d97ff,gsherrington1y@newyorker.com,(661) 2552091,spoad1y@netlog.com,78
f904329a-80f8-458a-8cec-0ff222492a7f,dburgess1z@de.vu,(659) 8253825,ccook1z@illinois.edu,31
f4162f6b-596f-4f14-aef5-cb1af747d87b,lcampo20@moonfruit.com,(364) 8778619,aodgers20@amazon.co.jp,51
5fe70cdd-999b-464f-99e9-09ef126237c2,vkenworthy21@java.com,(814) 8234600,mmegarry21@mozilla.org,80
89d3bb3e-a976-4dff-b778-0a4a4e5252ff,skentwell22@huffingtonpost.com,(344) 5168827,dblaskett22@cmu.edu,54
9a62edef-4e0e-440a-adfb-0f3681742506,kshewery23@tamu.edu,(568) 2886268,cchoke23@columbia.edu,33
62a1b623-1395-4326-8d97-07a61ab0f3c6,kmclay24@yale.edu,(392) 1942525,kkidson24@npr.org,66
abde2e15-c8ce-43cc-b8a3-15eb3a2b4ebe,lamyes25@topsy.com,(119) 2319963,nferrelli25@washingtonpost.com,76
dd20c6e5-0bec-4ec5-af76-2d66da4f8017,sstell26@unblog.fr,(937) 8387387,wcanton26@whitehouse.gov,55
d8bfb251-8936-4c4c-b0d3-85947e758333,kwrates27@chron.com,(833) 1534857,ohughland27@boston.com,39
4f4c9aad-bc53-4219-9807-a88439f6751a,wstoute28@arizona.edu,(662) 9072047,jdonahue28@hao123.com,45
04414d76-6338-440a-a2a3-22085cc8fc9c,bstaveley29@networkadvertising.org,(115) 6872358,achorlton29@boston.com,61
db26e1e7-ed82-4780-9a69-9a4ab1eb908a,rcadding2a@japanpost.jp,(903) 4216847,alaffan2a@state.gov,60
09e61519-de17-4ff8-95ac-a4e897715557,tbradberry2b@smugmug.com,(869) 5943596,rsherland2b@guardian.co.uk,78
ef30a276-57d2-41fc-8381-af081609d79c,shansel2c@live.com,(637) 1396864,rseniour2c@example.com,31
4289d21a-e043-4548-9ba2-114d73ff12f3,icancellario2d@walmart.com,(343) 4557234,tgoaley2d@scientificamerican.com,27
d884b72c-473d-4254-b728-8be0356493e3,anewitt2e@facebook.com,(561) 3382077,pclausen2e@earthlink.net,75
4a483c6f-ac82-4f6f-8cf7-fd9f56a59844,rkment2f@hud.gov,(905) 5794079,ccrean2f@slate.com,26
cf84a789-e6dd-40d0-8f61-7e32bb784cad,dorudden2g@sitemeter.com,(420) 2600569,sjedrzejewsky2g@cmu.edu,40
5061afdb-9212-4faf-bc05-01909c55d143,acramb2h@businesswire.com,(514) 2266051,sscothorne2h@dailymail.co.uk,74
e50b535a-e00e-4af4-8a8e-2098cd77ccd9,ccherrison2i@google.com.au,(225) 9394649,bprowse2i@barnesandnoble.com,32
d9616bbe-70af-4cd2-bf75-c28fb304a1f3,dblasoni2j@google.it,(371) 9731676,fgillatt2j@squidoo.com,36
c2048c98-0a81-4026-91d1-db54b0e438b8,klancetter2k@nyu.edu,(546) 3952926,jtheseira2k@stumbleupon.com,80
41fcd807-b8b1-46d4-83cf-ffad93227f52,bparsand2l@indiegogo.com,(904) 8084216,pccomini2l@pen.io,71
10d5554f-5ef8-4acb-a69b-de3892ef8552,ktregensoe2m@bloglovin.com,(249) 1757447,cspivey2m@163.com,78
8a0f17e0-5249-4f6e-9276-c55de6d6cda7,mcarne2n@google.com,(902) 1267883,lshurrocks2n@cocolog-nifty.com,49
4b1cbf93-24fb-423d-a549-4ce34e7c4467,aparsley2o@flickr.com,(552) 1994494,fham2o@bluehost.com,78
582ed544-4b85-485a-b01d-ddd34cb0da11,bansell2p@examiner.com,(129) 7825783,ccovely2p@fastcompany.com,62
639bb44e-a406-469c-830f-6b414464a087,dlangelaan2q@cnet.com,(498) 6154706,mwoolbrook2q@flickr.com,56
0f361de1-57c9-4f59-81a1-ecefdfe7acc8,jhawler2r@ibm.com,(223) 1260557,sdimic2r@washington.edu,31
fc1fe98a-80de-4292-a931-e236f3727c00,gfryers2s@quantcast.com,(833) 5404550,rblackmuir2s@go.com,18
cf300816-ea8b-4adb-901f-27ff473bd040,camanger2t@squidoo.com,(256) 3099124,jhubery2t@mediafire.com,53
3e4db577-266c-41e6-97cd-33650fa5c377,cfarnhill2u@timesonline.co.uk,(712) 1274915,cwoolpert2u@cpanel.net,34
65c4bc4f-5393-4a9d-a08f-541306365534,candreu2v@ucla.edu,(941) 6400615,balbion2v@amazon.co.jp,49
629f7939-9d2b-418f-9154-f486a1bf266b,spiercey2w@nps.gov,(475) 4081649,ustroobant2w@gizmodo.com,44
b3cef526-14ac-4555-92a5-29d749afd518,sdasent2x@sina.com.cn,(746) 1471981,kstagge2x@sakura.ne.jp,74
e5f3f349-f752-40a4-a5e1-22836778caf4,lsturt2y@cisco.com,(740) 5836589,fwitter2y@fotki.com,79
f2ce94e9-a576-4f80-b446-04dd4234e03f,vboyes2z@accuweather.com,(140) 3515006,mairds2z@ca.gov,66
358692be-4819-42fa-95a3-41502b5b4a07,mteers30@miibeian.gov.cn,(375) 1321768,aparadis30@spiegel.de,64
84911c48-db4d-4e78-a44c-7715d026bd04,tjacklings31@nyu.edu,(944) 8556242,wbawles31@imdb.com,78
7f70abc5-5d78-4983-b973-243bcbb910e2,hpaule32@aol.com,(433) 9513831,gblincow32@51.la,51
8810165f-88ac-42e5-9982-39c4426efa20,smillan33@bigcartel.com,(336) 5912388,hpickle33@arstechnica.com,28
df47284b-d48d-4e19-bc21-c06150866212,amerrington34@dell.com,(502) 4175974,cbasford34@mediafire.com,72
d55e0ac8-dac3-46c1-8ccc-6dc4095cc5fb,vgowans35@earthlink.net,(465) 2678861,ocreed35@aol.com,70
234958e2-12ab-462d-a33c-3b9c109f779f,lmudle36@hubpages.com,(411) 4283460,glinnemann36@newsvine.com,33
cdacd89c-5f9b-4b30-9134-f1ac62093073,srootham37@discuz.net,(900) 4707117,mspraggs37@flavors.me,49
8dd6c6eb-e1f1-4c71-99a7-4787d32afcb5,psanja38@nhs.uk,(278) 2728640,sbraunston38@hhs.gov,20
bcac483f-e7e9-4b2d-8348-ac4349445468,swatsonbrown39@ameblo.jp,(593) 6072893,siacovozzo39@slate.com,55
6b35811f-dfe2-4329-90a6-9e77597f4dc1,acastane3a@imdb.com,(803) 1975273,bmandres3a@reuters.com,74
7deafd9a-6f07-408c-ab78-aa173f61674c,gharnwell3b@vk.com,(153) 6251039,gscamp3b@loc.gov,77
8a3d2ef3-1541-4884-a529-5b4a7fd56e0f,kbroader3c@jiathis.com,(320) 5086193,dantoniou3c@ebay.co.uk,76
ff86ff89-b29a-4796-8d03-5693958aec32,babramino3d@tumblr.com,(896) 4205499,aprovost3d@macromedia.com,53
fdcf0b41-c0a1-4361-bde4-e76235c3ed49,rdarbyshire3e@jugem.jp,(723) 5595682,ddorsay3e@sun.com,59
003dfa32-0702-4d78-afb1-22588c00ea0f,hpimblotte3f@uiuc.edu,(231) 3108211,edoole3f@clickbank.net,77
c200baf2-ea42-4180-9e75-6ef520c533ca,dcannicott3g@yahoo.com,(863) 2959279,ntett3g@ucoz.com,33
7dc203c0-9037-4405-8a95-b9c5257c4aee,spingston3h@free.fr,(307) 3046715,frouf3h@earthlink.net,23
1c99d573-f2cd-451f-8638-c6bb1c853cf5,mpifford3i@godaddy.com,(769) 5688663,godney3i@comcast.net,76
b8d8b819-13a0-451d-9233-db286a9c6913,cthoma3j@cpanel.net,(588) 3449937,mselesnick3j@addthis.com,24
5c0854ed-7b15-4071-bbfc-03e7eb90ff77,lmahedy3k@tumblr.com,(916) 8580136,eleetham3k@mail.ru,72
a58d474e-2c7d-4b4f-bcea-203e6816235c,bwyer3l@webs.com,(787) 7070197,fbutt3l@uiuc.edu,62
2bcba20a-8f8a-4534-a932-3f995699738e,kblaymires3m@army.mil,(693) 8694735,gcomiam3m@slashdot.org,48
fec3355e-3f0c-467a-9a85-2ba15181a52e,wlaker3n@google.cn,(524) 7115468,tmurrock3n@webeden.co.uk,20
31e426a7-9efd-465d-83b9-0120b78d9caf,vgulleford3o@shareasale.com,(912) 1471430,gjukubczak3o@ed.gov,57
a5d44e0a-c395-49d6-9441-bdec4c39dd64,begell3p@google.co.jp,(637) 9229694,mcardello3p@booking.com,56
1fccb748-f501-4c30-8708-3e25891bfe68,lcrosetti3q@unicef.org,(973) 9330994,mrupprecht3q@vinaora.com,62
7064e8d2-8a7f-469a-b6ac-c58328155afe,clyness3r@google.fr,(786) 6802159,tjankovsky3r@acquirethisname.com,52
40783623-50b9-4dff-96e7-4b153fc76f3b,mdimelow3s@ft.com,(190) 5299294,rsharville3s@ehow.com,36
8702c92a-06ca-47eb-b40a-67370dd51b9d,rdilks3t@who.int,(273) 5089031,kfransseni3t@xinhuanet.com,58
eefbe6a5-5d0c-44c3-a649-3fa09f183d19,clefebre3u@goo.ne.jp,(650) 8802107,fgowar3u@va.gov,69
7c9b7cb2-d4f6-4f5f-acf5-d4cd4050a3a5,cwoodson3v@is.gd,(816) 8674400,ctelford3v@istockphoto.com,30
c7f183af-bd4b-4374-add5-1c6dba8fa19d,nbrane3w@ehow.com,(501) 5836006,wespina3w@etsy.com,41
82860387-1e48-4617-aace-db48483c173a,bgulliman3x@sourceforge.net,(988) 4799233,plofthouse3x@altervista.org,39
596f7d43-eb61-4156-bd23-6d23afa9e9d1,jfealty3y@un.org,(295) 5777413,hmingay3y@blogspot.com,33
6655b1fc-849f-4f26-a7ee-e16aca855f28,rabrahamian3z@si.edu,(404) 3303738,rmounter3z@istockphoto.com,58
13ec2a05-4b6a-414b-96c6-706ee32e38b5,dlitherborough40@hatena.ne.jp,(809) 3691543,hsouthcombe40@mtv.com,46
be4dbd76-b974-4e8d-9c29-7d5048420f2b,rgillebride41@mozilla.com,(799) 9264414,tflatt41@merriam-webster.com,70
c963cb49-8f6c-4a1b-9b6c-4096d93ebfff,zholt42@vkontakte.ru,(777) 6085452,dletherbury42@prweb.com,69
0081b483-4e36-4041-b095-2b69a8270e7d,cbuffery43@home.pl,(349) 7811813,scoslitt43@unc.edu,47
9aecac7c-0600-4e7c-ad98-4c4241643b4c,cthaim44@wordpress.org,(511) 4522025,wgrimsdike44@tuttocitta.it,74
c87c6046-5f46-4553-bd75-d38025281389,gblunn45@cam.ac.uk,(425) 7656756,mostick45@github.com,39
56c10feb-ed4d-4f63-8e48-d2f039525e5d,tbortoloni46@nydailynews.com,(346) 4762220,bbaines46@salon.com,72
fdb925a0-50b1-4e56-a830-85a487b2c745,ccarn47@artisteer.com,(303) 2008716,jcuncliffe47@indiatimes.com,49
672991fa-af69-4d3a-aa33-f32f4942b1e7,ltarr48@independent.co.uk,(178) 4231310,dredborn48@rediff.com,80
d0ac8ed6-08ea-4e18-9371-7c3ed28d6c89,vdomotor49@qq.com,(815) 6603620,vblois49@blogs.com,68
3adc9241-ed41-46ba-9d48-6a8e5e7a5a3f,cikin4a@barnesandnoble.com,(937) 2820436,lkarys4a@aboutads.info,61
76a3eb59-7dd2-4092-899f-d356b1b5990b,hkingston4b@microsoft.com,(460) 9610174,bgaber4b@nasa.gov,34
bc58a1cd-5c7e-4da8-b7b6-df331c510349,eshermar4c@furl.net,(375) 9360869,salecock4c@123-reg.co.uk,72
a9c767cf-3e37-4dce-85aa-fb25ccc11a08,emolohan4d@prweb.com,(254) 8439459,smatticci4d@europa.eu,49
17d0fa9a-8ab9-40da-85b4-2d09b085095f,eswatten4e@about.com,(744) 1390952,zdesantis4e@walmart.com,24
475450b4-0ca7-4d1b-b991-3d917ecbe884,sklimentyev4f@shinystat.com,(869) 8857261,ssuttie4f@webs.com,42
275e55a0-06a6-48f0-ad6c-09b788420864,amccomish4g@t.co,(741) 6124257,ebruun4g@nytimes.com,56
3ea28208-c249-4369-9719-9027cfb4d848,eox4h@issuu.com,(666) 3815156,pruos4h@sogou.com,38
fc689c83-9822-4883-ad1b-62eec71ee5d4,hburkhill4i@apache.org,(135) 1903230,epottell4i@squidoo.com,80
942fa895-d421-4f50-8393-004c7395fdd0,mferrar4j@comcast.net,(148) 5034386,mberford4j@facebook.com,44
a16b4776-3945-4435-80f3-fea0ccfc13e7,ccarratt4k@vistaprint.com,(235) 7490310,fagar4k@earthlink.net,24
a97092bd-7bb1-4ca9-826e-0c0d8665ffd9,cheineke4l@wunderground.com,(558) 7715860,dewert4l@paypal.com,38
df86c59a-5275-4cab-aa96-b8e930fc5f51,pcorbishley4m@bravesites.com,(210) 7947352,frosettini4m@miitbeian.gov.cn,47
8d7a8459-20f1-4aac-bfec-08a63db9b936,redmenson4n@nhs.uk,(327) 8040021,vkitter4n@google.com.hk,47
eacb58ae-9b33-4d9d-a81d-eaf6be747c5a,rjagielski4o@vkontakte.ru,(560) 2298816,nsalmoni4o@cocolog-nifty.com,60
996d07d1-6038-4800-9d9d-e8ad622d43d0,fbenduhn4p@thetimes.co.uk,(898) 4564226,cmccaster4p@ebay.com,74
94a8ea15-3a0a-44ae-bbe8-b0c1a27d1cc1,sdransfield4q@usnews.com,(519) 4830736,vcomben4q@multiply.com,35
fe74fb0a-6e32-4320-a827-55d2a1a0a40d,rlawey4r@bigcartel.com,(538) 3692114,hbaldetti4r@bloomberg.com,36
3847b38e-c5bf-4d62-a4fa-52817056085b,hrodway4s@slashdot.org,(849) 4526889,rkinkaid4s@people.com.cn,65
dcae8b03-3b21-4120-899a-b4dfdabee7af,jchaloner4t@histats.com,(506) 1423265,mife4t@fema.gov,54
aab16db6-9f02-4472-97a0-b56dd9d116e2,gfonte4u@csmonitor.com,(670) 6469807,mbeneyto4u@netscape.com,70
63a21bed-89fd-47ec-9f6f-94ac480e65e2,ntappington4v@flickr.com,(309) 2475941,acoller4v@themeforest.net,29
c66186e4-f9fb-46a3-8583-78e6f3a2dd97,sdifrancecshi4w@msn.com,(180) 1795507,sdeabill4w@rakuten.co.jp,60
3bfa996b-a376-4e36-907f-0da89bd387a7,hminett4x@w3.org,(448) 5252432,gdresche4x@myspace.com,58
1b48d24d-8263-450e-b4bd-b5b57c6598ae,rstanlock4y@howstuffworks.com,(300) 7005084,jfoukx4y@wikia.com,20
7a1fa2b9-8373-470b-b578-cd33af8dd862,dkilduff4z@google.fr,(540) 9275703,ipoint4z@wired.com,45
94adac26-5a40-4d7b-8c08-5a5067d056ed,rcapron50@indiatimes.com,(866) 3702675,mmerida50@about.com,18
415b8def-1c52-4f36-9cd6-d1138f87cbd6,dlailey51@scribd.com,(936) 1553797,rhanvey51@senate.gov,45
4d8325f3-9225-49bc-a458-74a1e74c39a6,pmccaughran52@ebay.co.uk,(861) 6550611,norowane52@blog.com,30
b50f183c-7cc5-4590-a843-31241135e76a,knewens53@latimes.com,(648) 3279903,lmaffiotti53@phoca.cz,57
6dd84e80-8693-46ef-b194-15493afbaf80,lbassill54@sciencedaily.com,(562) 1715125,abell54@house.gov,43
a4e77225-3ae7-484a-91db-9f5b5d8943cc,cpoles55@amazon.com,(596) 7654982,hdjurkovic55@artisteer.com,59
7f5b94b7-4aca-4d7c-8452-615f93f84c6b,hdunbobbin56@diigo.com,(168) 2687513,dmillhouse56@ca.gov,63
499f12ab-8a2f-42c0-b8d3-c4976d97857a,ecarse57@i2i.jp,(898) 7321761,eschohier57@bing.com,30
a340f6dd-285b-4def-b255-06ee42ce60a5,lfryett58@mozilla.org,(206) 6160631,jcoogan58@simplemachines.org,73
9289c996-2190-482c-b01f-b31fc1e401f2,rbowra59@foxnews.com,(704) 3276837,rcrosser59@cpanel.net,66
650aa085-14e5-4add-bcb7-0cc9642ef9bd,rosmund5a@mozilla.com,(128) 3043686,pguillot5a@constantcontact.com,60
47a6a0c9-a07d-4f8e-bdd1-53a30694fed5,rsharphurst5b@washingtonpost.com,(578) 5297339,tosullivan5b@ucla.edu,32
58466a5b-bf1e-49dd-a965-7c54248879fc,tkirmond5c@cam.ac.uk,(396) 4818381,ckenn5c@google.com,46
33978d31-17ac-4340-99a7-71e8c48c21c8,fmccrossan5d@ifeng.com,(567) 8279906,ncinavas5d@list-manage.com,27
d3582f3f-ed97-483f-84dd-aa62ae90c425,mblenkharn5e@opensource.org,(773) 2673501,sedelheid5e@squarespace.com,54
b611ddbe-07d9-4955-a9b0-7f5223990207,aboulde5f@ed.gov,(785) 3095273,tstaunton5f@ucsd.edu,32
19068c71-f92d-40ef-a36b-d7fe2676d10a,jlangman5g@businessinsider.com,(243) 4502574,ctreece5g@ucoz.com,60
a9c124fa-e9ec-4ce5-9e3f-5cad5b6bed82,wforsard5h@feedburner.com,(554) 7255403,bjonas5h@time.com,57
48bff113-d590-49c4-a805-82e7af17dbda,cblunden5i@kickstarter.com,(223) 1361555,mreuss5i@mtv.com,64
418a0eb7-453e-4bf7-9e5b-f741b79a1b37,omcghee5j@wisc.edu,(560) 7847013,talfuso5j@printfriendly.com,26
0f26ae02-0000-4d14-84cb-6c4492e9e6b8,tgoodridge5k@ucoz.com,(928) 5646321,kclemon5k@smh.com.au,58
f4612e6a-dd8c-42cc-bf72-f5366af50cc6,kzywicki5l@zdnet.com,(209) 3699383,smountlow5l@cbsnews.com,65
21e50060-06e7-48ca-9c1f-a70358705993,pfriel5m@mysql.com,(538) 3652106,eadvani5m@opera.com,28
d9550463-63d7-45c1-93a5-f4c1d1c0a38c,agallahue5n@themeforest.net,(909) 8226303,bchantler5n@unblog.fr,48
d16d579e-cfee-4482-8111-dab6d5768aad,bbrisbane5o@shop-pro.jp,(487) 2597803,dbourdis5o@walmart.com,69
7e096240-f6aa-4fb5-b06d-01e98a94dca3,rnursey5p@businesswire.com,(604) 3392558,gstollard5p@ocn.ne.jp,52
fb2dcd30-56e4-48ea-87e8-74b2762e2f5d,critchman5q@list-manage.com,(349) 6570422,bfrancis5q@gov.uk,41
235b80d9-7b0d-4981-9dbd-37da479b551d,htong5r@opensource.org,(985) 9975557,bwhyler5r@plala.or.jp,57
d02bcf36-c80e-466b-a1f9-3748d71dd70e,mroote5s@aol.com,(623) 7490509,lcamois5s@weibo.com,42
75f280a9-7a02-41e7-b0a5-0dd35dd8bc9b,cglasscock5t@bbc.co.uk,(544) 5184296,smarconi5t@4shared.com,52
f9dad78d-78ed-4a7f-a8a9-b20d8ea2a472,dromain5u@example.com,(370) 6635956,slinford5u@vinaora.com,18
0992020f-023c-447b-a9a7-50a679697cb8,bboddie5v@instagram.com,(422) 9101465,vdoles5v@soundcloud.com,59
7a2589d8-119d-455e-a745-0c421807967c,acutsforth5w@livejournal.com,(925) 2808067,vmcdonand5w@devhub.com,22
88f27710-e627-48af-82ba-78d82aad3a47,pclougher5x@pbs.org,(819) 2179587,jbaltrushaitis5x@narod.ru,65
e0691fbd-679b-4636-9cfa-c81972cfc7ce,psimkins5y@baidu.com,(496) 3338389,fmoro5y@reference.com,54
95de0386-44a4-40b1-8780-9e7c928f78ac,lporter5z@cloudflare.com,(342) 5605375,gjoutapaitis5z@sciencedaily.com,31
219c0e9b-208c-4ba8-a168-a1e1f4302f1a,hmacskeaghan60@php.net,(163) 3706602,dmcevay60@smugmug.com,64
7245f499-c076-4ff3-aa23-fb9357c9822c,ghawken61@google.nl,(819) 9807595,aedgley61@creativecommons.org,30
29720f4b-ddbf-4ff2-a901-7f516be5dbbc,jbarrett62@wunderground.com,(906) 3285897,astelfax62@histats.com,21
fc429cde-875d-4ca1-b5a2-521c0261ee9f,rmeeland63@sourceforge.net,(237) 1993592,ccamlin63@stanford.edu,22
c0b97bd3-5d20-403f-be3f-7ee0f8f97081,eavis64@fc2.com,(908) 9690250,pstronghill64@oaic.gov.au,78
f490bd0b-fb6d-4f5c-9a31-fc9ee3f90a12,fmaulin65@w3.org,(356) 8677204,edunridge65@microsoft.com,57
ce3ec108-a1a5-49c3-8344-d6f9e75f1e53,hbrownlie66@unicef.org,(799) 5089633,mpudden66@moonfruit.com,74
e558491c-8f55-42d3-8df4-c33735681a13,ccasey67@umn.edu,(968) 2395315,bsouthouse67@nih.gov,30
0728128a-1c7c-4b80-9d0e-a26c1adeeeb9,cadam68@icio.us,(615) 5792265,cdurtnall68@gov.uk,34
86ee670b-183c-433b-847b-c750462d9c73,nmcnish69@seesaa.net,(247) 6512838,mvarne69@bbb.org,22
19815a2f-1dd3-4d5c-a518-c5efa708a848,kmacourek6a@sohu.com,(380) 5817125,dbrabyn6a@seattletimes.com,45
63c93076-551b-410f-bae1-2b4e4e17059e,cbriers6b@auda.org.au,(962) 5315844,scantos6b@godaddy.com,71
f5e18347-c664-46f1-9cc8-b7d03c8cc21b,llanchbery6c@ft.com,(755) 3068860,brittelmeyer6c@zimbio.com,55
e81e08fe-c7d2-463c-95a6-20dcd62e8027,bhove6d@odnoklassniki.ru,(511) 2947795,adavydochkin6d@arizona.edu,46
37738ccb-0a01-4901-84b3-eccbf5b9d576,sdesantis6e@desdev.cn,(325) 8840514,bondrak6e@theguardian.com,51
9b7385a1-b779-4729-86b9-17f221775cfe,tretallick6f@free.fr,(298) 7843640,fbockmaster6f@icq.com,73
e58b0506-9391-49d9-b72b-4935a14a6bd5,mtomashov6g@gmpg.org,(518) 8978119,nwharfe6g@netscape.com,77
1fcc680b-5b81-46f5-ac92-6bc51c6fcb39,jtinton6h@engadget.com,(591) 5874765,tondracek6h@joomla.org,41
a4e072eb-b96e-4ed6-afdf-9eeb96c2c79f,washingden6i@cnbc.com,(299) 7178383,kplumbridge6i@timesonline.co.uk,65
51f28328-5fbd-4881-a2b1-4618abe958dc,barkley6j@toplist.cz,(873) 8986812,ghazeman6j@apple.com,53
44cb2d48-5b22-4f4b-ad85-795663a33109,aplitz6k@bloomberg.com,(744) 2900578,swalthall6k@sohu.com,62
a626b022-13c8-4865-89db-0fc26a941e52,upeiro6l@adobe.com,(237) 4851015,fdarbyshire6l@google.com.hk,25
5cba8d92-fe30-4f48-ad74-d35eca2c478a,tbevan6m@woothemes.com,(849) 2078332,nbroxis6m@cloudflare.com,80
d1695a6b-b8a5-4dfb-a87e-db7ada5ea8f7,hmurrthum6n@homestead.com,(777) 6914218,draxworthy6n@bandcamp.com,32
3b5aac87-b34f-4145-9a14-8fa01bcf24f8,llethebridge6o@princeton.edu,(696) 3220699,aisacsson6o@cargocollective.com,49
5cdd7300-5c94-4f21-8694-c2ab0f19d360,adavitti6p@foxnews.com,(687) 5035918,fmelling6p@pen.io,39
6942d11c-1793-4fb3-9e23-abe8b49120fc,abrookshaw6q@reverbnation.com,(452) 4044433,cwoodnutt6q@dmoz.org,21
073e8532-9d6a-4d83-a816-acaf63748c2d,tdawks6r@disqus.com,(382) 8117126,rcollie6r@phoca.cz,80
2b338e60-33cb-4ea0-934b-8ed2832e38b1,mgheeraert6s@alibaba.com,(594) 5729600,agwioneth6s@state.gov,56
e9c17a79-cdab-471c-8110-a1fe635a3111,bskillanders6t@reference.com,(164) 7472662,mtomkys6t@ning.com,55
4c1f2083-31f8-4e82-817a-8ef9241952ad,asinderland6u@hexun.com,(485) 7219784,cebbage6u@pinterest.com,62
5fa284df-b3e2-4a86-a67a-258a349addc5,mstammer6v@t.co,(848) 2184539,bcrossgrove6v@sourceforge.net,31
42a1e4b4-a03d-457a-bdb0-df88db763088,saucourte6w@mapy.cz,(566) 3772260,dliepmann6w@economist.com,76
56a5b93f-efff-4c5a-b324-71915e1de984,scoryndon6x@fotki.com,(743) 2606452,cstarrs6x@nytimes.com,28
415722cd-c41d-44b3-92eb-2ec38d5e4258,mblunsden6y@amazon.co.uk,(826) 3291937,ghadgkiss6y@blog.com,50
2f880e71-ef4b-4b71-9319-1da15e11cbd2,rtowse6z@cisco.com,(617) 5228778,raveson6z@histats.com,57
433ab046-ea32-4179-b4f6-2e837b484b80,ralvarez70@shareasale.com,(169) 4338593,hhumby70@loc.gov,36
d251cf25-e550-45fe-ad85-3397882dbc0d,ctomankowski71@aol.com,(417) 5005216,medgett71@cbsnews.com,77
7ea50e63-d01e-4574-af56-6c32e9f3cd82,cruegg72@friendfeed.com,(101) 7902990,moguz72@wired.com,71
075dc34c-644c-4639-9bad-52e21e1fece3,adangelo73@histats.com,(273) 7073107,memlin73@accuweather.com,44
3aaf2bf3-49b4-48bb-bc0d-2f0353beae05,cmcchruiter74@blogger.com,(395) 1528359,gaubray74@yahoo.co.jp,24
01bf44be-1a2a-4b58-8b82-07af9a3cf26a,agittens75@unc.edu,(424) 9328349,dgehrtz75@foxnews.com,72
5dd0d061-c6f9-45e8-8eda-9e88ae30be1c,jdugan76@ameblo.jp,(558) 2445356,mcardo76@ovh.net,21
172b7db2-21db-49d5-8d4e-c118c36a1990,vchatelain77@sfgate.com,(502) 4501671,sberge77@mapquest.com,18
aa798e88-8eb2-43c2-8ab8-a7ddf945b153,mhalburton78@stumbleupon.com,(346) 8975303,vbaud78@adobe.com,36
f9e57f0c-0da3-4952-a9c5-925635f31434,ngrent79@studiopress.com,(455) 4960085,ksievewright79@rediff.com,71
e20c2779-df3f-420c-859c-98be92c1ff73,jharme7a@sohu.com,(802) 2919547,cgodehardsf7a@comcast.net,42
2f040b92-2882-4abd-8c68-f02638dd5d48,gkall7b@google.ru,(690) 2876780,awisby7b@gnu.org,55
75f71efe-a0dc-4afd-9693-da115d34b1a5,djoel7c@biblegateway.com,(435) 2005458,jbierling7c@stumbleupon.com,68
833d5aa7-3c9d-4b28-9f6b-a1df7b6397ea,kstarmore7d@feedburner.com,(904) 4111499,tleheude7d@ifeng.com,22
fef16087-7410-4a24-8f22-53b1c6ae6939,lmallan7e@cbsnews.com,(479) 7303599,gmessum7e@forbes.com,47
aa159d14-c46e-400f-ab9c-1becefc5a5f6,dclaire7f@java.com,(922) 8922235,kstraffon7f@yahoo.com,28
e6b7f7e6-d7c0-40a7-ba3b-b0cc36c61681,fdrewe7g@wisc.edu,(784) 3578795,cforton7g@etsy.com,78
d58f75bc-5582-42fa-b208-84eacf514265,sfitzer7h@zimbio.com,(561) 3126581,vpostlewhite7h@vinaora.com,22
32d6924b-a389-4b2c-ae42-206e854ad8c6,gdanielsen7i@twitpic.com,(219) 9778019,docurneen7i@yellowbook.com,50
46ac7588-dade-4858-acee-0f99229a979d,dcumberbatch7j@tmall.com,(659) 5287815,ccready7j@usgs.gov,52
4505b469-e990-4ee0-a691-23fc1568c3fc,kidle7k@photobucket.com,(399) 7700371,aviggers7k@unicef.org,63
580bec1a-6b64-45b4-8bfc-fbd1c6d504f4,sguiso7l@newyorker.com,(751) 9597867,lsuff7l@usa.gov,36
49c10157-130f-428c-bde4-4ad00e25ea42,eciabatteri7m@alibaba.com,(106) 8517910,sballister7m@umich.edu,72
68a6be77-20d8-48de-b746-c3cd7bcbcf79,whakewell7n@scribd.com,(713) 6499184,ccobbe7n@tripadvisor.com,21
f9ca198b-2b0a-4dfd-bb72-8fca5bb7c7a9,zwadham7o@nytimes.com,(462) 7033808,carmatys7o@timesonline.co.uk,54
4aaf1150-7fe3-4a28-a92a-313050c700f3,djermy7p@state.gov,(390) 1222096,caylott7p@sohu.com,19
39f7b78d-58b2-4587-beaf-9844a3d23a3f,ofrary7q@yellowbook.com,(945) 5261259,cbaumer7q@sfgate.com,74
ba597de8-021f-494d-ab80-ef239c6b8af5,btrawin7r@wiley.com,(647) 8359706,gskupinski7r@uol.com.br,78
2d97abb4-5b04-4976-a1ab-936dc17fba48,rblore7s@apple.com,(844) 7850332,vbenwell7s@plala.or.jp,75
a656d49d-5659-49e3-9319-6cfe8a407173,fweinberg7t@digg.com,(126) 1846032,esterndale7t@sfgate.com,57
a9341e29-903a-4ccd-911c-134b7c16de9e,gsarvar7u@washington.edu,(468) 8812872,rbysh7u@histats.com,38
4e3e88fe-5463-4473-b4b6-9eaeddb865e9,acicconetti7v@mtv.com,(210) 1334324,sseiler7v@mysql.com,54
ca8285e6-e5cc-4a07-8933-3dc42e5e6708,kneasham7w@wufoo.com,(409) 1963280,rconibere7w@cafepress.com,38
3b514225-6d89-42e3-8769-dddf6980004d,lgumb7x@wired.com,(837) 2853234,hmourant7x@latimes.com,37
45163a6f-0f8c-4822-be9c-b221e5fcfde5,fgabites7y@geocities.com,(100) 5460943,pdarlaston7y@friendfeed.com,70
aaf555cc-6ed9-4a82-8b2b-534830c111e5,tplayer7z@ox.ac.uk,(119) 5654220,kshoemark7z@networkadvertising.org,66
cfc0e384-1ddb-49cd-85da-da0b089ba554,hcaze80@zimbio.com,(318) 6324648,dbrithman80@spiegel.de,37
d816c48f-9025-4189-953c-2ef81b378aca,pluc81@devhub.com,(997) 4814081,checks81@infoseek.co.jp,62
b30074cc-8752-4681-aae2-ab8f2be192cc,plumley82@exblog.jp,(419) 9021297,bwestwick82@wikispaces.com,49
7aa50fbc-0c94-412a-bfa6-4f9b5d65232e,tspaduzza83@redcross.org,(427) 2499736,sedgehill83@storify.com,28
91f75922-5c9c-4eda-8127-2ac8240e0744,lburstow84@globo.com,(123) 9318854,noldacres84@livejournal.com,19
de53fbaa-52b5-4a41-85f3-9268fbb7aade,epilbury85@eepurl.com,(471) 3147626,rlambirth85@ning.com,65
d80d4a3a-a863-4a2c-8758-d47bc5a677b4,coshirine86@gravatar.com,(745) 6422375,emeriton86@ca.gov,43
55a94884-7aeb-4f59-a252-70d713a4f802,aneeson87@about.com,(979) 2183905,agibbin87@fastcompany.com,42
c1ece1ca-8993-4701-8b78-916a7f5d50ca,csherewood88@yolasite.com,(882) 2274157,bdelaeglise88@photobucket.com,42
decac931-3c76-456b-98af-ffe705039ffe,ckermott89@npr.org,(507) 5711183,bjoscelyn89@dagondesign.com,28
f7a0be3f-aa4d-4811-8b0d-e30ddebbad4b,omacscherie8a@baidu.com,(747) 7155379,ekrishtopaittis8a@rakuten.co.jp,62
13bc89c6-7408-4414-9420-c5d85780f527,ggiff8b@sogou.com,(394) 7319849,efrodsam8b@tuttocitta.it,57
a3f854c8-9383-4c69-ab6a-a30f0dd24916,pvallerine8c@columbia.edu,(965) 5081194,bambler8c@eepurl.com,60
36a4d1bf-ba8d-4bb5-a7a2-03ef898cb804,niron8d@pcworld.com,(474) 7938371,rduffitt8d@smugmug.com,57
34b80e8f-1c65-4082-8c16-c04dc9febf67,wreddell8e@linkedin.com,(106) 1973334,dhiddy8e@meetup.com,76
b6204e07-8747-48cb-9f39-c88893e619a9,ghadleigh8f@infoseek.co.jp,(865) 1158818,yfosher8f@earthlink.net,19
3743a612-7e61-4f0a-a068-cd58a45f9f01,cminci8g@amazonaws.com,(472) 3596120,gvakhlov8g@dell.com,59
18d27cba-d84c-4aee-acf9-88cab01d2b22,spulfer8h@wp.com,(577) 6463401,mborn8h@dailymail.co.uk,30
728c588b-8422-4711-bd2d-437cbc8ef787,vspeedin8i@gnu.org,(641) 7377773,moculligan8i@tripod.com,54
94f85552-80a8-448c-ad92-95393e45014c,msquelch8j@multiply.com,(468) 6273397,mlathleiffure8j@pagesperso-orange.fr,32
0c4f0bc6-8b70-4763-a00e-bb39cf630e14,tjohn8k@kickstarter.com,(343) 2007986,cgallelli8k@goo.gl,55
28eb9917-df54-44ad-a017-04af5e9b0663,socurrigan8l@columbia.edu,(552) 8325076,fphilippet8l@drupal.org,31
8c6fdc2e-e2cf-41e6-bacb-717bad4078fb,lsebire8m@amazon.co.uk,(267) 7482764,tpassion8m@google.com.br,79
ca7cb450-303f-4989-8437-ede50c9528ec,ktheyer8n@spotify.com,(796) 1400414,ffiridolfi8n@yandex.ru,56
9ceb2cc7-33a5-4492-88f0-a597d226cd31,lcawley8o@examiner.com,(280) 4959227,ldowry8o@behance.net,54
3e61a17f-c260-4fb8-a835-f0bb68502144,ahanning8p@1und1.de,(233) 9026269,rcapin8p@ifeng.com,22
c74db39e-62d3-40ac-82fa-79f2d270b06a,mbang8q@dagondesign.com,(880) 8065887,rbasnett8q@networksolutions.com,78
6e9ec080-105b-470f-a191-17e4f18f5890,eplant8r@livejournal.com,(375) 6582774,werett8r@theglobeandmail.com,24
45c14e48-8196-42b9-9baa-a1bc1b9b4689,sbownes8s@xing.com,(781) 2344594,tinkin8s@prweb.com,69
ddeccd92-e58f-404b-840e-3a9ce0f265cb,myeats8t@rediff.com,(821) 4704901,dgudahy8t@sciencedaily.com,38
a04399fa-4663-4c83-a92c-ca6dfbfd5e4d,kemmert8u@fastcompany.com,(427) 5002871,hcereceres8u@stumbleupon.com,76
b45770b1-af07-4913-8f79-4f6fc4a3d34b,calflatt8v@senate.gov,(931) 6111671,stoppes8v@unesco.org,24
081be477-5350-41e7-93ec-e3741d5a0e86,vdumbare8w@tamu.edu,(973) 1760752,rgregorin8w@mashable.com,53
8efeb62a-fb09-467d-8646-7772ce071ff3,rrunsey8x@nbcnews.com,(221) 4538096,dsoppit8x@vinaora.com,25
cdfd58a6-fb5a-4d2b-bb3d-790a4846eafc,rlortz8y@ed.gov,(631) 3910878,jstorks8y@blogspot.com,20
21e69557-f07f-41d6-9863-cc61a8d5818f,hkentwell8z@omniture.com,(573) 9984042,aspens8z@uol.com.br,18
3f854359-569c-4f7a-93c2-c25762d7e201,acrompton90@hexun.com,(306) 2007181,jsherrock90@unicef.org,26
edc489c0-f7bf-4b1c-858d-3bfcd733949d,gblinman91@flavors.me,(216) 4566831,mtrustie91@eventbrite.com,51
0aff5428-1349-43b0-a80f-bb5e1055d5fd,smacturlough92@t.co,(758) 3362672,pfitzalan92@de.vu,59
1c46c006-cc49-47d2-a053-a3a6f8ea49f3,rblew93@comcast.net,(494) 8546459,dhexum93@clickbank.net,56
40299751-1786-461b-8032-b30eb1bd4247,hfowle94@japanpost.jp,(651) 9444903,rreddish94@blogger.com,27
4db3bc22-edf3-4ca6-8562-e42993210e3b,jfredi95@qq.com,(966) 6105425,lclausenthue95@arstechnica.com,45
ad9367de-418d-4b5b-8ad8-1f113560c4f9,fflowerdew96@bluehost.com,(729) 8740937,mlevitt96@joomla.org,54
d9972b26-321e-49f5-82b9-de58135062e6,kmaster97@digg.com,(619) 4337650,shiom97@yahoo.co.jp,73
b9628e99-727f-4a06-9e31-a20dfe6a5863,rscriviner98@blog.com,(557) 1846441,pjaggar98@examiner.com,80
cf523b83-d212-4bf6-adf1-0ee9c47d848e,abennen99@theguardian.com,(791) 4293432,jhannam99@gnu.org,49
bc331b49-e8b8-48e0-8f34-874a8d01acae,rleahy9a@princeton.edu,(465) 7150443,larran9a@springer.com,37
31e98841-da77-4e38-85a3-9d53e5c4a7eb,fbratch9b@harvard.edu,(526) 2791323,gmullins9b@blinklist.com,80
8c6fc193-022e-45b5-b7c4-5ff655b8e26d,rsange9c@prlog.org,(736) 2377308,rloughman9c@blog.com,74
02d1b834-1f58-46e9-8f87-64c74e128c23,ccristofor9d@ox.ac.uk,(283) 8202159,nleagas9d@dion.ne.jp,69
fd9cf7c8-3f4b-413d-82ed-68aaa869aa5f,lold9e@addthis.com,(701) 2217868,cdyer9e@shop-pro.jp,30
739fe10a-c63b-4556-98ec-2a4f52f893b5,bklassman9f@51.la,(693) 7061498,dcorkett9f@infoseek.co.jp,80
6ec70d1b-6770-4333-8d1d-702a564d222a,ssayburn9g@over-blog.com,(571) 8353016,pbilton9g@twitpic.com,34
2955edd3-5632-4e95-813b-15fe956e3001,cwingrove9h@tuttocitta.it,(373) 9443039,htivenan9h@ucsd.edu,56
2fafaf11-d404-4c70-88ce-de68bc1230cb,kdalli9i@de.vu,(794) 7377691,sderill9i@nymag.com,68
4216e768-e9c1-4f82-b9e5-00583569726e,slamey9j@hhs.gov,(838) 1181991,smccudden9j@feedburner.com,49
5dc0f200-dfbf-4107-9d90-12d0ba04b1f4,gecclesall9k@last.fm,(644) 1099638,nstreater9k@telegraph.co.uk,80
243f5d25-f33b-423e-a054-7c6a9d5055b0,btyrone9l@google.it,(131) 9246632,gsyrad9l@biblegateway.com,42
f7421c0a-f0e5-49e8-b97e-ba53da30f44a,calgeo9m@bloglovin.com,(787) 5444597,nredsall9m@salon.com,46
655d3cdc-7870-47e4-bd0e-6ce6d34e7e3c,nrea9n@joomla.org,(549) 8413449,ubrant9n@newyorker.com,76
e396e391-407b-4104-ac91-b55e97db2d7d,jmcfie9o@forbes.com,(159) 1281799,rfalshaw9o@wikimedia.org,42
8d6bc619-01d1-4bb4-9099-85a29eb885ed,dleatherland9p@networksolutions.com,(230) 1266046,hmirrlees9p@house.gov,33
4aac6f48-7eec-4fdb-9f61-d9ead34ad7aa,vcosgrive9q@ebay.com,(762) 4914011,vetchells9q@rambler.ru,80
55dc324f-0523-48dc-a194-26ea7054bbd6,asibley9r@google.co.uk,(339) 3578592,jcecere9r@oakley.com,26
af78d26d-4601-43f1-8fbd-034adfabb4b2,cyorston9s@scribd.com,(267) 6519371,mstoodley9s@wikipedia.org,74
dac6ea9e-e372-4fc5-8254-0171eccd31dc,ntyrrell9t@boston.com,(360) 1061018,rpudney9t@bigcartel.com,35
ea076401-71af-4431-b816-0633810c5936,eswains9u@miitbeian.gov.cn,(130) 5375272,cbenezet9u@google.de,24
ee2a8a3a-8fb7-49f6-914d-742537cc6b38,rschulze9v@nih.gov,(782) 3593217,gputt9v@seesaa.net,77
820d2b24-d981-43ce-b52e-0188d6496b21,agregson9w@smugmug.com,(402) 3020584,pbohin9w@soundcloud.com,58
c4e327f1-0844-420d-8a2c-1c45a0b017b2,bbeecheno9x@drupal.org,(820) 3441966,cmcquode9x@hostgator.com,36
62f67329-df5c-4feb-92a8-7ce0a7c81a64,mbradie9y@youku.com,(668) 9745108,asoftley9y@soup.io,41
d126c4e7-2b00-457a-a12d-747ea70f1d66,smapston9z@house.gov,(410) 7708190,kdufour9z@seattletimes.com,78
84a5d423-18c9-4b8d-83ba-3bd24633f1a2,lholligana0@phpbb.com,(168) 6423173,dpointsa0@unicef.org,74
14020c3f-778a-4da6-b20a-ccdfdcc94707,atumpanea1@fastcompany.com,(745) 3600233,mcattlowa1@wikispaces.com,55
bee99b99-a658-48d1-a02b-db79300c2427,lgutchera2@t.co,(449) 1033437,cspilsteda2@archive.org,77
b2975e3e-980d-4497-b17a-ef01ac96326c,hchapiera3@flickr.com,(175) 2180281,fllewellyna3@infoseek.co.jp,18
afbbf8fe-252f-439c-907f-b35c1beecb86,hsymcocka4@meetup.com,(296) 2706144,skimberlya4@dropbox.com,76
5e17255a-9c1c-49eb-bc01-9c8e29cf8a6d,mmandera5@indiatimes.com,(427) 2578939,dhalstona5@4shared.com,68
89482578-b21e-4263-a92c-e56255b9d500,cfrancktona6@tripadvisor.com,(456) 3620338,cjosiaha6@dot.gov,18
501b3ff0-b69c-41d8-b6fd-8671bd23100c,etointona7@omniture.com,(114) 2924630,tedwicka7@abc.net.au,36
a17c4308-d001-4395-b30f-9f8c0bef9f96,gpenlingtona8@webeden.co.uk,(939) 4582951,ghamptona8@wired.com,28
1f514d46-c1b9-4402-8991-a6085749afa2,lllopisa9@discovery.com,(117) 2053955,shainea9@github.io,49
a3c58f54-a71f-4fc8-878a-0f14c2c13d59,wpitfordaa@theglobeandmail.com,(788) 5380825,pjirakaa@twitter.com,40
c5c7abe5-94c7-460e-8730-02526eeb197e,tbettonab@businesswire.com,(865) 6000949,gbrownswordab@biblegateway.com,41
5f9d87ed-d061-4af8-bff7-0c86642aea76,chucksterac@archive.org,(808) 1403131,uguilfoyleac@google.it,33
581c9e85-756d-4c1d-8dbf-f87ac13e8a0d,cduerdenad@newyorker.com,(962) 5737879,nbraamsad@csmonitor.com,79
bb6134ad-840f-45f6-9c01-6784146230a9,gfryerae@flickr.com,(271) 4738257,kohmae@gizmodo.com,23
01020dfb-8086-4f9f-949d-821624cc6486,bcleverlyaf@geocities.jp,(295) 6194071,lkeunemannaf@123-reg.co.uk,54
7b29f172-470b-4f95-81a0-fdbc17507001,crecherag@npr.org,(388) 6927500,tangellag@nps.gov,36
317776b0-775e-4e62-9022-8f5435d979fb,kbonseyah@squidoo.com,(948) 6378011,astubbesah@nhs.uk,62
c5c89817-7a48-42b1-bcfc-14a242915782,vcorradiniai@friendfeed.com,(836) 9934766,gmuglestonai@issuu.com,37
a10bbb49-1b41-47b4-b9f3-e011aecada5e,nhawleraj@last.fm,(564) 2677235,jglanceyaj@netvibes.com,59
7e326ee9-a5bf-40e4-9773-9a66789fcda3,adenshamak@about.me,(216) 1603359,smaydwayak@psu.edu,30
b9f32ebb-1988-4956-b66c-555f299bde1f,lsawbridgeal@msu.edu,(763) 4495875,obridatal@cloudflare.com,74
08eb1394-6507-4acf-b169-0a15784b62a6,lmadillam@goodreads.com,(715) 9608100,knorssisteram@pagesperso-orange.fr,48
da3e32e5-4ce9-42ee-a9e1-9683ce172b13,tramsbyan@nasa.gov,(867) 2671479,xmarsiean@tinyurl.com,58
da0d9d66-c403-4530-a6bd-5c506a93f759,smatiashviliao@house.gov,(203) 1456445,gkovacsao@alibaba.com,73
966b6f0b-cfaf-4f61-8c72-d118ac144831,aortap@facebook.com,(411) 2582820,mstrittonap@pbs.org,71
ab611544-6faa-48d7-a6c2-ec497e133444,gemneyaq@sitemeter.com,(220) 9242772,cwhebellaq@businesswire.com,61
927f46ee-c59e-40b1-a0f1-d2a782230ffa,kdollardar@diigo.com,(176) 1940421,azellnerar@eventbrite.com,61
1f208c4c-00ea-427f-9ca8-85dfe2f05dab,jdullinghamas@myspace.com,(665) 5725443,mjeaneauas@bbb.org,20
3bc0b7e1-7afd-4a5a-84e2-df1aae034685,tdinzeyat@ibm.com,(148) 2406228,cgeckat@nih.gov,78
96e3cf1b-850b-4722-97cd-1f185a509b94,aellesmereau@zimbio.com,(494) 3639933,vcapronau@wsj.com,66
8a3e11f3-9d05-4e5f-b489-8579259c9cee,ewolffersav@histats.com,(325) 6512792,arockliffeav@unicef.org,25
7850e3f0-e51d-4219-82a1-78c302cff1a0,gbentermanaw@goo.gl,(679) 3216329,bstableaw@xing.com,71
3ce32f01-378e-451d-98cb-75e9ba86279f,jyitzoviczax@mail.ru,(318) 4410061,lskipperax@state.gov,58
c6be2def-54c4-4e22-bd6e-fa36bcd35cf3,nbygraveay@angelfire.com,(474) 5692974,sgetchay@java.com,23
19c28378-12a8-4d06-bb04-48276c04bed8,zfawlteyaz@pen.io,(899) 7744023,dsawnwyaz@live.com,30
56e08c0a-db60-48fd-9349-456055667ea3,mdiggarb0@businesswire.com,(762) 2162590,olawdhamb0@seesaa.net,34
b417a5d9-7c98-4501-9f82-f1890cc84d36,lsinnockb1@pbs.org,(322) 1412581,ccluckieb1@nhs.uk,34
7d91c0a6-da04-4994-8dc3-8879ce401138,eleathemb2@friendfeed.com,(136) 3492739,csileyb2@php.net,52
c3a3a270-1a67-4367-a383-c793543884f4,jhuytonb3@lycos.com,(644) 6466514,jbraemerb3@mapquest.com,19
453f008d-7f04-4d52-aa4d-f8a94ee12052,kpetersonb4@bbb.org,(583) 5695718,gkitcatb4@over-blog.com,69
ed0d3893-51c4-4954-9468-b5c281a40b3d,rsheldonb5@paginegialle.it,(257) 7764878,nbraycottonb5@statcounter.com,59
fc286de7-95ff-45ec-9d0c-4e9c21c73a47,mcoventryb6@opensource.org,(336) 7141912,mpaxfordeb6@meetup.com,27
4a08954d-0b69-4c6e-936d-922ddd857994,whanlinb7@liveinternet.ru,(640) 3967600,eingryb7@tinyurl.com,21
d13deae9-5c8c-4470-a206-f94f861d99f9,jdulintyb8@vimeo.com,(432) 8407822,femsleyb8@biblegateway.com,62
3ccdcac6-561e-4842-9cd4-4a2c5cfe3818,agingleb9@squarespace.com,(547) 4350565,ckropb9@ask.com,39
d61554bc-4f5f-4bdf-9e7c-5b9872747f42,rmcginleyba@last.fm,(963) 2026837,nmobberleyba@yellowbook.com,67
4436b05d-3b9c-4b6b-8407-21732062eae4,tbigglestonebb@delicious.com,(618) 8273072,tnutleybb@microsoft.com,20
63cecdb0-9efa-4491-bc6e-e27577b3fd54,lbrandbc@istockphoto.com,(477) 9535014,mtraversbc@earthlink.net,79
1ad7aac7-6111-4f2e-9dac-6f4c49ea5efc,bmaccaguebd@ebay.co.uk,(203) 2441134,jgathererbd@amazon.de,61
66c9660a-daa8-4082-949a-37ad5325cb04,tmowattbe@nih.gov,(676) 3534424,aneaversonbe@google.pl,20
b0247476-ab01-4fea-b7ae-470d235926e3,bkiezlerbf@umich.edu,(673) 6866753,arowntreebf@house.gov,18
ea77fc8d-fabb-4fcb-89ef-a4a5b228da0f,jfraylingbg@ox.ac.uk,(847) 4389255,ocohanbg@rediff.com,25
05eea7da-e91b-43ee-bda1-646569a2ff00,ckarpmanbh@weather.com,(292) 2557538,mraebh@mashable.com,71
512f3f4b-818f-42a9-a550-57294e46c6b9,adinwoodiebi@unblog.fr,(793) 4245447,skettlesingbi@hibu.com,70
a4350b03-26d5-46e2-b951-c0b1cd653603,cfancybj@cocolog-nifty.com,(399) 2495679,ckordasbj@ow.ly,34
bdc83a59-dca7-451c-896b-6a4c79bca527,cvonnassaubk@nationalgeographic.com,(942) 6387158,kboarerbk@cpanel.net,26
981124f7-db80-487e-9a3f-16f82b9b11f5,bfluckerbl@wunderground.com,(629) 4374172,kbladesmithbl@google.es,44
4d819c22-825e-4b0e-9f4d-243c9d301ce7,fjiggensbm@wikipedia.org,(762) 7372962,jburrenbm@google.fr,46
3a2aeeaa-be2b-4679-8fb7-8e7bf38d23eb,agerritzenbn@guardian.co.uk,(536) 3353106,lnelthropbn@booking.com,20
1869caac-cfa5-46dc-8e76-fb04203f9dff,bvispobo@sogou.com,(883) 3655813,aquarrybo@mozilla.org,39
e24d75c3-4093-40ac-a580-c0fd5a4a24cf,obaidenbp@php.net,(683) 2926987,ckitchersidebp@wix.com,36
6e528955-13bc-41c6-a70d-2e3ed67260c4,crosebq@irs.gov,(136) 3521347,beplettbq@sfgate.com,75
5646b232-bdcc-4318-9951-70853f6e3047,mroughsedgebr@tuttocitta.it,(935) 4147134,lworhambr@army.mil,50
5d64587f-72cd-41d8-bd9b-25870f2dd57a,aondrabs@addtoany.com,(883) 1438506,vloviebs@ft.com,29
d36622c7-f5a5-4df6-8ee3-ed9f35385a2c,thawkingsbt@cpanel.net,(344) 8869850,dpesterbt@amazonaws.com,53
ef24723e-2504-4480-9cf7-89f8cd7c4960,ngraylandbu@msu.edu,(952) 8406798,pferrobu@symantec.com,26
e800573e-458b-423e-aae8-dcb4c78fb979,bgaviganbv@nifty.com,(976) 4379586,cewingtonbv@europa.eu,78
afc501e8-c06e-483c-8e69-fef7c84ae404,ngirschbw@wufoo.com,(234) 9586549,dcellibw@paginegialle.it,75
4a647f69-b622-47f9-a754-5790c307d093,bcayzerbx@reuters.com,(437) 8797797,gcockerhambx@google.it,69
8e7ccdf3-15fb-41e6-86d1-fdca81fa4753,lkuschelby@exblog.jp,(846) 9596183,efernehoughby@bloglines.com,65
c5f4ca64-ffa4-490f-a467-1093edab9c69,lingrahambz@exblog.jp,(816) 9518747,kbrauningerbz@harvard.edu,56
b48fa169-aa31-499f-bc8a-833f8bed665c,sdeperoc0@noaa.gov,(609) 8977083,cgaylorc0@spotify.com,22
422b96bf-ca76-4fb4-9d36-547b3dbcdbc9,afitzsymonsc1@disqus.com,(324) 3887794,mmenicoc1@time.com,61
cb15cd84-fabc-4e90-aeb0-335824061e10,jsisleyc2@theglobeandmail.com,(730) 6824669,shyamsc2@histats.com,33
c084b9ea-14c8-4137-b4d8-390613fbd561,bbartoshevichc3@oaic.gov.au,(661) 6503712,apeatc3@ihg.com,72
163bc1be-a1c7-4097-b432-3ffd62c873c5,bpimerc4@technorati.com,(944) 7921544,rmatijasevicc4@printfriendly.com,59
abc84937-8c69-49f8-b3fc-535f62c5bb4b,lnorthcottc5@globo.com,(733) 5552284,sliversidgec5@guardian.co.uk,66
45fbdeec-9687-41c2-b322-3e34e248c72b,qtibaltc6@answers.com,(377) 9155624,edawtrec6@squarespace.com,33
20f154a3-f9a4-4aa8-9cb7-c28d6f03eca2,mcamachoc7@huffingtonpost.com,(928) 5035217,jbastiec7@prnewswire.com,19
88955435-c5d5-46c0-8492-1a32f099944c,vthirwellc8@scribd.com,(497) 6483718,bmackowlec8@hc360.com,24
2b392473-cedd-41fd-9a9e-badcd9c05ba5,zpalatinic9@ucoz.ru,(596) 7532228,creediec9@google.com,18
61dea5dc-89b5-4d4a-85d4-4967545704cc,ctraillca@blogtalkradio.com,(478) 8055806,lspeckca@census.gov,41
171fc3ee-867a-49df-9567-98990f573bbf,bbrusincb@free.fr,(125) 6016221,wvitlercb@youku.com,61
24716286-ec78-4e13-8b3e-4ff42dc5deda,lterramcc@unesco.org,(717) 6956041,pdomanekcc@salon.com,21
9dce9eea-db6b-4d5a-8e50-03b28bbf229f,kguillecd@huffingtonpost.com,(549) 1276913,lalsfordcd@discuz.net,19
cf724d5b-081a-410e-b11d-1ddb78436f7f,schernce@nytimes.com,(310) 2642977,lgansbuhlerce@examiner.com,19
4fd7487d-e2f3-485d-b159-45425e29d205,jlearecf@phoca.cz,(546) 2332000,wtiptaftcf@scribd.com,22
d9e7775e-127f-4ac7-aa27-c3073c88be2f,zarbercg@latimes.com,(666) 9251112,pciccicg@163.com,40
e7de5fe2-a837-4d3c-affd-58efc88e52df,charbottlech@si.edu,(420) 2547133,gneilandsch@gov.uk,54
7c8056c8-faac-4be7-b2a2-c53e812fa170,wtoderbruggeci@arstechnica.com,(551) 8273751,gpleveyci@hc360.com,39
f3e6ef07-42e2-44f5-a355-3e19df0f8f4a,cloveredgecj@artisteer.com,(342) 8920384,rephgravecj@phpbb.com,47
4ad58eeb-c4d0-4e93-9125-aca63807f5ce,rferribyck@t-online.de,(898) 7670929,rblabieck@free.fr,37
05f2760b-416d-486f-8a45-4441dd429674,aavelinecl@miibeian.gov.cn,(374) 4175496,mcanelascl@toplist.cz,48
90b663a6-5aea-47b4-b641-f7245ba3d2b0,hmarycm@hexun.com,(734) 6865502,shuggancm@creativecommons.org,24
28deebfa-38f6-40f1-8a9e-a238bb305161,jgeerdtscn@scientificamerican.com,(925) 5502135,dgilleoncn@yelp.com,63
22e0aa91-4b83-4ea9-a210-d0a5b7c0539d,cduplainco@aol.com,(307) 6640697,jpashbaco@macromedia.com,55
7efc110c-4d98-4e3b-9893-a4a946df1453,mgrascp@businessweek.com,(944) 3020242,jdebeauchempcp@nydailynews.com,76
635522ff-022d-43a0-83d9-9d030cba3861,llauthiancq@digg.com,(582) 1831181,cbrixhamcq@goo.ne.jp,55
2b2aa62e-08f0-488d-b813-d4b632a4927a,modacr@sitemeter.com,(478) 6687501,torringcr@google.cn,78
deed6c60-57be-43c5-9aa3-f0478050661f,cbruslecs@angelfire.com,(916) 9077666,ebuyecs@mapy.cz,41
c18bbfb3-1b98-4b7e-8be8-45bcddbd261b,yhatterct@google.com,(350) 1060080,rastct@cloudflare.com,67
7817fd4e-ceaf-43d3-b576-cacd15205e84,rquinetcu@gnu.org,(398) 5394954,bcoulingcu@stumbleupon.com,38
fa20c255-785a-48f7-bfc0-79dbf46a0447,bclawecv@discovery.com,(774) 9363804,cdikelincv@icq.com,36
bbaac82f-edfa-4970-9474-d650ab50e87e,rmcdavidcw@ted.com,(254) 4755637,astillycw@wp.com,26
d9695401-4968-4739-a83c-a95ec8430df3,caskellcx@hostgator.com,(107) 8452085,vdentoncx@google.fr,80
46e87e97-3097-4c20-9477-a0d93be6780c,smorrattcy@plala.or.jp,(251) 7435027,gprestcy@reddit.com,68
c24aa835-1052-4992-af29-37e4fb2e0204,agoveycz@delicious.com,(868) 7261648,shollyardcz@answers.com,41
e920f705-17f4-41ad-8a26-8a68183f4e3a,anutbeemd0@4shared.com,(920) 7839005,mmellemd0@economist.com,21
0684e92e-984e-4857-8289-90e049d394cd,rstrondd1@prnewswire.com,(565) 8476215,lferread1@qq.com,64
88b1ffcd-3690-4710-921d-271203ec43eb,casplend2@godaddy.com,(723) 2380871,sroddyd2@mozilla.org,46
81688d98-20cd-4b37-856c-f2da0abf6c06,dmacrowd3@netlog.com,(887) 2777817,tbourgetd3@cnbc.com,24
0073e525-a5d4-42e5-9f2c-8a7a7bc806e8,jbuckwelld4@icio.us,(759) 7458800,fonowland4@yahoo.co.jp,63
11516bdd-46e3-48ad-b8e8-0f6d6dfcb0d2,lspenderd5@blogspot.com,(684) 8120557,ksiddeleyd5@redcross.org,68
6dd0752d-e290-4503-a96b-2d65ab3e11f9,mrosenbaumd6@acquirethisname.com,(613) 5396476,mhamlingtond6@mac.com,71
a37acba7-f0cc-46c0-91e3-bd4b30ffc75e,wvogld7@dmoz.org,(284) 7487518,heckartd7@newsvine.com,62
b16a2ea0-c3f6-4f48-94b6-c01017a5ca06,hbaglowd8@home.pl,(151) 3520533,uiiannoned8@lycos.com,21
a00ec5f3-b92c-44e9-8638-428bb8ef0299,ldericutd9@cbslocal.com,(270) 9086726,gshevlind9@bigcartel.com,18
59ec4eac-f12e-4ff7-b983-c766d7d81d72,sfishbournda@imageshack.us,(292) 4623604,rscanesda@cocolog-nifty.com,66
60402e54-16aa-47d7-b201-0624d3b9319d,mmcquiltydb@posterous.com,(386) 5145858,ganscottdb@who.int,58
02b96109-b7b7-4eed-a0d0-85761727d39e,aabramowitchdc@ucla.edu,(467) 7091882,gverdendc@google.co.jp,72
cf7191ac-dfee-4db2-a6f2-92a3dd14223e,smelledydd@state.tx.us,(617) 8188229,aclutedd@google.it,46
bbac253f-d21e-4b9a-a242-8c3985676db6,mduhamelde@csmonitor.com,(114) 8628888,pblackstockde@google.pl,28
5d0786c9-94cd-407e-8ca0-e826d7b3dcc1,lchallenordf@howstuffworks.com,(651) 3976804,mmaytumdf@noaa.gov,62
a109bf31-cd99-456e-89ba-8e26eb612efb,frontreedg@upenn.edu,(792) 5239531,fyounghusbanddg@a8.net,30
fd774605-5644-4a54-bc52-8f7901b9fdd0,adawtredh@google.fr,(326) 7895317,lclowesdh@vimeo.com,54
11db680a-76fa-4c18-a7dc-9b8c917cfaf7,mcuppittdi@g.co,(659) 8607332,fdesimonedi@cyberchimps.com,53
acbe2c5e-76e5-4512-b20c-39ee0c1eb8c9,btimbridgedj@yandex.ru,(464) 9267436,akivelhandj@addthis.com,31
53fcfcca-b53c-4b95-b8e2-4d79d04de951,mslavindk@mtv.com,(543) 2208825,btipensdk@mysql.com,74
d9c1ee13-ed81-4020-a315-1739f2574f36,tlinaydl@hubpages.com,(453) 8089949,dapplebydl@ucoz.com,33
32565ecd-2771-4d8f-9937-53183f46e4ce,fyvendm@msn.com,(404) 1206244,kchestertondm@meetup.com,56
5859ddae-7245-4a81-af5e-3af5085bfcce,cshalloodn@youtube.com,(961) 1624090,koldreydn@netvibes.com,55
fd0f6303-64be-4a2f-92d7-d4f062246951,cberthdo@elpais.com,(219) 6780550,gcordelldo@yellowpages.com,65
fc6ec6aa-102e-4069-a94f-23e5667c243c,zdydedp@discuz.net,(146) 5534314,ijacqueminetdp@chron.com,65
a077f39d-d110-457f-94cf-0662c2dc0714,mbattrumdq@addthis.com,(649) 7418684,cpurvesdq@mozilla.org,38
29dcb603-f674-439f-a325-2606a0e4a333,tsavilldr@goodreads.com,(491) 4554092,ftirrelldr@google.it,35
cd8d5d6f-55e9-4aec-80be-3e1a50b2aa62,fselburnds@miitbeian.gov.cn,(160) 7746453,mcawthronds@xing.com,44
89b76fdb-b01b-4588-8d63-785c42559d80,jholsondt@google.ru,(326) 2862342,vpallatinadt@spotify.com,30
0df2659e-953e-42af-901d-357d7bb17770,cpreskettdu@t.co,(595) 2437281,afreeardu@telegraph.co.uk,45
7b50d8b6-fbb6-49e7-b9e3-4d8fc048ccd0,mmerrgandv@wordpress.org,(870) 4838506,mblundelldv@indiegogo.com,48
fe580258-a09c-4139-89de-9e22f309f966,cspellicydw@newyorker.com,(879) 6288906,lfradgleydw@marriott.com,25
6189f089-bf1b-4043-9a76-4a1fe0f3551b,iconachydx@netvibes.com,(503) 5732053,bblowesdx@issuu.com,39
95b01fbb-1778-4811-ace0-3975023b6b33,diveydy@wsj.com,(188) 8038227,ttappingtondy@rambler.ru,40
6902ac4f-02d1-4df2-b11c-c0da71f46ee1,jmcneildz@bravesites.com,(931) 7283542,efeldhuhndz@cargocollective.com,37
3db731a4-af36-4e3b-ad3b-70a64b8d3b73,rkellarde0@list-manage.com,(307) 4270851,ktakse0@jiathis.com,70
fce69f84-5d75-4631-82f2-a15d36c7fb2c,phansiee1@prnewswire.com,(781) 9788543,ssheivelse1@surveymonkey.com,35
b622b96c-1d51-4fd3-86d7-eb31d67b35e4,gcraufurde2@sakura.ne.jp,(999) 3309957,sbellerbye2@chronoengine.com,41
6a5204c5-fc1e-4414-bf01-b064fdd1649a,gnottinghame3@phpbb.com,(803) 2162277,fgoodbairne3@va.gov,54
3d20d00f-30bd-47f3-88b6-dcdebb792c27,lcutcliffee4@weibo.com,(337) 2120706,hroffee4@opensource.org,28
69ff9d6d-1975-494d-b1be-fab98bc34ed8,mcottise5@umich.edu,(579) 5627850,mramsteade5@vinaora.com,36
cd908673-852f-4201-86f9-f3815abf41e3,kmatessiane6@bluehost.com,(185) 2171775,abrostere6@paypal.com,71
11605250-f74b-4dc2-bb68-7c7228d713d6,esjollemae7@independent.co.uk,(994) 1781897,bgarbere7@is.gd,43
804e21f9-5a77-46c3-b36f-a89e58e388d3,pkleinermane8@npr.org,(816) 6847638,crozee8@archive.org,35
15552182-19a2-4277-85d0-5f9c5ab90ad4,lcardenase9@who.int,(709) 8201586,rdomicoe9@cbsnews.com,68
535656ec-fe27-4968-a25d-b5d15817cdc1,vbouldea@ox.ac.uk,(127) 1733260,tseefusea@edublogs.org,61
0f46e209-bd74-43aa-8ee5-2c11e436f044,jstuddeardeb@sina.com.cn,(559) 2149568,ascantleberryeb@issuu.com,73
6d2623bc-758c-4499-9237-4f28e885c541,esevilleec@google.es,(692) 4696960,avasilievec@lycos.com,30
f3ce21b2-874d-4acf-9837-3f0609449786,wfowdened@mit.edu,(170) 3475629,lhallgathed@chicagotribune.com,68
38ebdeea-9135-4049-8b4c-7303a04ca393,tcosensee@wisc.edu,(382) 9330087,ghaltonee@meetup.com,22
93082437-1e1d-42fc-adff-18a730e12db4,ggobeauxef@nih.gov,(369) 3827832,emattiaccief@soundcloud.com,60
705357d7-ff31-48d1-bff0-dfbd5fc02ed5,bwitheyeg@wikimedia.org,(289) 8195048,glorenzeg@jalbum.net,46
7db21e1d-ad84-486b-b7e6-417e08fa612c,amarcoeh@eepurl.com,(513) 6180082,mlindelofeh@php.net,73
cd74bb71-9bfb-452b-aecc-6e93aeca6d94,ehaselupei@engadget.com,(480) 6968715,ybertouloumeei@jugem.jp,62
ea3386a4-3ffb-48fc-99f8-cf9f6277f519,ggallierej@cam.ac.uk,(395) 1484377,mledstoneej@tiny.cc,46
fc9add64-9726-4b55-b1c5-b53654a71fa0,kmastertonek@google.fr,(961) 7569258,nnewmanek@patch.com,40
9fb1f6d8-a5bf-42c2-8fbb-62770f72f8dd,ahamsonel@tinyurl.com,(826) 3058118,sbruniel@slideshare.net,77
a46562b5-f35e-4e3d-86b4-da4941bf2883,ltumininiem@surveymonkey.com,(798) 9104561,opetrozziem@sfgate.com,55
caaa0297-4fc0-42c5-8eca-883e0bc31c89,flisimoreen@miibeian.gov.cn,(131) 3350744,rbellayen@goo.gl,62
8d098487-bb29-4d17-a051-abb0ba33b847,agilbearteo@newyorker.com,(154) 4492730,selsipeo@bloglovin.com,38
4127ae96-676b-4c66-891d-08101ff471c8,nlaurentinoep@psu.edu,(651) 4526082,tsnuggep@yahoo.com,24
d381f514-4246-4059-9d34-94c07e809239,slaureteq@etsy.com,(604) 9217408,ppereseq@dyndns.org,53
3917655e-da2f-4432-a7e1-569f19f893b7,bricheler@unesco.org,(637) 3643595,dlinneyer@youtube.com,71
0aa6afc7-2e26-4e37-91e1-2ed87a359147,cairses@tiny.cc,(520) 1075687,hzornes@dyndns.org,44
393b5ea9-99a7-42d3-90a6-4b12e0ae3cff,fmahyet@aol.com,(513) 2972655,beldridet@tiny.cc,76
1602324c-b5d2-443e-8f30-fa9d7f20f890,dshiereu@pbs.org,(901) 1332002,wcragelleu@nih.gov,22
9a90750b-045c-4680-bcff-873b9849b155,clakerev@wikimedia.org,(702) 6374075,gtrouelev@mtv.com,49
16980d5c-de1f-4ac0-9751-6cfa094673f2,kbricketew@state.tx.us,(918) 6733093,zsakerew@redcross.org,46
031b2aaf-323a-4179-8074-3739135cd712,vhandlinex@friendfeed.com,(178) 7054844,lworsnipex@eventbrite.com,71
7a30eaeb-9eb5-4fb8-b0ab-24e107bb669a,tturleey@domainmarket.com,(210) 6321715,dstigglesey@goodreads.com,43
f068fc99-9530-4f71-a3d0-66c9bbfd7853,ypincottez@utexas.edu,(598) 3489139,thaburneez@acquirethisname.com,62
4d74c77c-ff72-4843-a5b5-01a42b525bfe,nlawrenzf0@geocities.jp,(282) 4010462,vsalzenf0@mit.edu,46
f5d12714-5797-4283-86ed-1b8dadb6b677,avescovof1@chronoengine.com,(539) 4757273,cpardeyf1@sun.com,78
f8967e2b-8fb2-412d-974b-c53c97e9c41d,wfortmanf2@amazonaws.com,(635) 2721743,jlhommef2@hhs.gov,32
b3272fcc-d7db-4a33-a5fb-185ae55f2256,jbritianf3@jiathis.com,(740) 2380238,doldallf3@salon.com,45
296005bf-1142-4fd4-a165-e98172350769,ndeerrf4@microsoft.com,(799) 7265671,vhadekef4@cyberchimps.com,45
cf89daeb-ccc7-42ab-84c5-773fc2daf799,dlaslettf5@umich.edu,(194) 9478239,rvigorsf5@istockphoto.com,67
ace31b3a-4dc7-4108-9f3d-aadab2a4c117,abygottf6@webnode.com,(934) 2894825,mbruffellf6@opera.com,34
55dd8899-e30a-48dc-9ae1-aa4a35b99cf2,tkedief7@independent.co.uk,(518) 8765058,bbettleyf7@fc2.com,64
92d140b9-ec2c-4589-b2b2-65208606bbd7,casplenf8@nature.com,(936) 5813163,dblinderf8@berkeley.edu,54
c6008606-a00b-408a-8693-9600b4dcad10,btitherf9@printfriendly.com,(816) 8648446,kmckerlief9@cbslocal.com,18
5c303fda-1d33-4f74-a726-4f22309e1e95,agodrichfa@twitter.com,(861) 8902653,egeevesfa@typepad.com,73
cb6da094-bed7-487e-a100-3dd0e0c3748f,rbrimilcombefb@booking.com,(500) 7001114,knunnsfb@cmu.edu,33
d236f544-902e-4050-ab5e-5657da2407a9,acallacherfc@yahoo.com,(780) 1206636,dduxburyfc@techcrunch.com,51
6acc0034-3703-4b90-bb92-8f114499191f,wpurkissfd@sitemeter.com,(641) 3219051,pveelfd@paypal.com,67
59c3e886-7b7b-420f-b757-12e1364bbcbf,egiorgife@pagesperso-orange.fr,(405) 4384119,lmcguinnessfe@nature.com,21
7cbfbca5-cf68-47cb-bc0d-b0ed7e5e7cd5,cearpff@unblog.fr,(400) 4609148,rpatekff@google.ca,57
5d7df5a9-4fe1-4aef-9064-89c03c91e676,gadsheadfg@miibeian.gov.cn,(158) 3813937,wwickettfg@columbia.edu,64
dd58a290-8b43-45c0-9896-51693b35083b,cwealleansfh@uol.com.br,(705) 8904839,agiloglyfh@nytimes.com,41
2f21e9cc-2605-4b57-8268-5d1caca03510,pkrystoffi@technorati.com,(733) 7905805,ltenpennyfi@facebook.com,59
74b5e71f-8a7e-4dcf-a454-f874f3ab80cd,hgregrfj@google.co.uk,(698) 7632868,nproswellfj@apple.com,61
a438ba9c-73cc-4092-81ec-f608791b4768,tgrutchfieldfk@ustream.tv,(708) 7728629,aaltimasfk@yahoo.com,80
1db8104b-0c2e-47a7-96d2-4df1e8a43388,dmaceveleyfl@comcast.net,(696) 4774816,sbenfl@google.cn,72
51064f9a-dd0c-49df-8f90-8a28106d6219,nhutchinfm@ow.ly,(632) 2470037,pseedullfm@wired.com,56
92bd25b3-d1fa-4a17-9d2c-ba7d7b1b091c,fdanslowfn@yellowpages.com,(953) 3475354,dlympeniefn@vkontakte.ru,62
3541cf90-6faa-4b9f-9aca-fdd633367653,drouncefo@usnews.com,(655) 4207867,lhunnybunfo@apple.com,78
a3164629-4755-4904-b6e7-6624a667507d,cmurrigansfp@bbb.org,(494) 8103735,mdrainsfp@engadget.com,70
ab8e5443-d922-4f29-b569-0dfb88a36cc6,mrodwayfq@wufoo.com,(358) 8884255,nteeneyfq@constantcontact.com,19
570dcea0-e789-492a-934d-660960190964,edeversonfr@elegantthemes.com,(883) 6993616,aboyallfr@acquirethisname.com,76
a537cf0c-6eff-40f6-abec-9124ea64fd8f,tosmonfs@flickr.com,(402) 2662934,hczajkowskafs@theatlantic.com,63
cd3576a5-5cdd-4234-94ca-5e3cdb731d16,djimsonft@posterous.com,(433) 1900760,ltrudgianft@techcrunch.com,31
5817487b-0b5b-4b0e-b5fa-3dae118ab18c,esealeyfu@nyu.edu,(603) 5585970,kpulhamfu@ft.com,71
3d05790d-627c-4d89-bfa8-761b994064fe,cpollastrofv@xing.com,(631) 9305682,bbarlthropfv@vistaprint.com,76
f53fff41-c0a2-48de-8fbd-7d9752097944,hatherfw@gravatar.com,(162) 9672085,akulverfw@ow.ly,78
4f344691-9173-4913-b43d-59a06bb0c080,rancliffefx@nasa.gov,(648) 7390867,cbelsonfx@reddit.com,26
1105d27f-1f10-4fa4-a0d9-cec8c076bb99,kvedmorefy@cocolog-nifty.com,(537) 4198114,mcattersonfy@indiatimes.com,22
a46b006e-8582-4675-b856-f7bb54b8740f,kbalhamfz@joomla.org,(492) 7584729,merlamfz@cargocollective.com,26
e26a847f-857e-410f-a513-c5e916246f38,wkwietakg0@simplemachines.org,(218) 4895146,cwasseling0@tripod.com,56
b0762057-4d53-4993-a110-6f51f3ec75dc,sfirbyg1@arstechnica.com,(723) 2869340,jheadlandg1@imdb.com,26
44448696-d6bb-4a67-b31b-81e135b79580,alillimang2@mozilla.com,(634) 5148021,slashamg2@china.com.cn,31
77dba033-bb51-4ff9-a5b2-6919575062c1,csteelg3@delicious.com,(694) 2069479,htallentg3@fastcompany.com,73
ef6b083a-044c-4640-9862-46af1403b314,preardong4@twitpic.com,(417) 8045239,bchippindaleg4@scribd.com,75
b9f74b05-caa0-410f-a6d6-b3c407d4268d,dgasperog5@wikispaces.com,(985) 9264175,mkarmelg5@networksolutions.com,39
a5186b35-bab3-475c-abb5-baab7da9d943,owedmoreg6@zdnet.com,(384) 1023717,tsimeonovg6@odnoklassniki.ru,73
ce7acd06-0c53-401a-8757-d3a867b0f2b8,ltollertong7@google.pl,(746) 1752129,dfolkeg7@wikia.com,36
1ae8e451-7d9e-4135-bce1-61f288628221,lgatchelg8@nytimes.com,(776) 5112816,lreisensteing8@earthlink.net,33
b02aa37a-01b8-4bb8-97d3-66d819c494eb,tjeannaudg9@mtv.com,(210) 1066813,hmatzeitisg9@imgur.com,35
71b3abd0-2e42-45a0-8f8f-561207de2ff8,bdewerkga@netvibes.com,(484) 7371760,dlooksga@github.io,33
55c3696b-c679-4119-8bf3-8cf0c8651ce9,bbernardinigb@illinois.edu,(390) 4726693,mgartellgb@google.co.jp,24
bcd8b2ce-9476-4fe6-8344-41e9946f75d6,lalderseagc@intel.com,(316) 9823136,mellorgc@huffingtonpost.com,70
0844c5d8-cdde-4697-b22a-db16539440e3,opurselowgd@furl.net,(804) 1203184,rbellamygd@issuu.com,20
053d4aae-5578-4815-ba28-4a81546cab7d,wtwidlege@dagondesign.com,(996) 7632439,djecksge@macromedia.com,49
01151eca-7f5b-47c4-ba64-4646ce41faea,elehrgf@usda.gov,(723) 5357297,kpennergf@live.com,45
d09ca7af-19bc-481a-a2d4-aaafce42f3a3,sklainmangg@zdnet.com,(792) 2923356,gnelhamsgg@hc360.com,27
91ecb0ac-f820-46c2-8a66-433302731cc5,agrievesongh@samsung.com,(992) 2609246,bjeynessgh@nbcnews.com,74
6f6076af-487c-4cfa-99f6-135c47c3b045,khumbellgi@hatena.ne.jp,(507) 4441688,ffowellsgi@imgur.com,70
b09af728-d7cc-4128-b39b-73ff38bee2f8,ahealdgj@dailymotion.com,(259) 4364956,bhowsongj@sakura.ne.jp,42
da62c38a-2c5d-46ed-a551-0d6200b72ca5,tascoughgk@adobe.com,(247) 4788979,cadamiecgk@bloglines.com,32
8ccf9972-f64b-4296-b00d-5c4d9978c1f5,gstclairgl@opensource.org,(756) 2475660,vcaddiegl@com.com,48
9303b8a3-3415-4bb4-9eef-2e412ffd90e8,tpotburygm@myspace.com,(693) 9215131,hslocombegm@twitter.com,32
b2ef83a4-4fea-404f-97ef-57d501233ecf,ikarpovgn@bloomberg.com,(430) 5594389,ghirjakgn@senate.gov,48
39c1a7a8-ad4b-4449-a5e1-0ece4d0dbe45,ftimsongo@purevolume.com,(848) 5009613,lblackmango@answers.com,36
7a700682-0577-4974-81e2-1dff3c0d103d,arittelmeyergp@istockphoto.com,(819) 6180381,ysamsonsengp@bloglovin.com,35
2a59f514-b421-4989-ba84-21556eb4ce6e,ptothgq@google.ca,(239) 3115334,tpinkegq@fastcompany.com,77
81e290d8-bf5b-4ccd-9445-b41d4f782d91,bkernermanngr@hostgator.com,(343) 3802096,slardergr@virginia.edu,75
bf11b13e-1a75-423f-b225-ea22c45ce88e,dlistergs@over-blog.com,(581) 3169107,rmincigs@360.cn,23
facfaf38-bd70-4185-b1bb-bdbab36f5dc1,csouthersgt@squarespace.com,(904) 8698618,slissandrinigt@list-manage.com,37
1f7c7dee-6a22-4ed4-8928-b7673969b22d,ngristwoodgu@google.pl,(827) 4958800,krobiougu@canalblog.com,20
6de2cdbc-0e85-47ba-994d-3fb93cebfa98,cbrocksgv@indiegogo.com,(216) 1964274,sliftongv@shinystat.com,55
99e77749-320d-46bb-ad01-df84bd1e153d,spassinghamgw@redcross.org,(785) 9622612,forrobingw@yelp.com,44
56075806-7760-45fe-9171-36ad4d61ed05,cgirdwoodgx@woothemes.com,(961) 1270390,jesselingx@jimdo.com,29
c87a5929-d2dd-4b9c-8609-9a05daf4a771,hventamgy@google.com.au,(449) 6994438,jdarbeygy@blogspot.com,75
c6a16507-f796-4c2f-a5a0-d5d8cef6247c,dberteletgz@comcast.net,(677) 8216880,aginnigz@multiply.com,45
fc86a3c8-d326-466d-8561-cbc7c13939a6,cwarltonh0@amazon.co.jp,(510) 7901425,salldreadh0@a8.net,35
80ba4175-2106-4cc8-89dc-52e60903a19d,emcclenaghanh1@baidu.com,(265) 4838556,nbrimblecombeh1@cbslocal.com,30
1942afef-3656-40fc-b870-9f937171b7c5,mhardinghamh2@uiuc.edu,(800) 2831707,bmoncreiffeh2@admin.ch,20
4bb91b62-d2d8-42d0-812e-5ed0afa5dddf,wizkoveskih3@mediafire.com,(224) 1607653,ddailyh3@nih.gov,36
47b4a234-38fa-4860-9246-54daff48a2b3,lfidalh4@umn.edu,(352) 1540826,ynovkovich4@bluehost.com,70
9a7697a6-5fc4-4d0f-9689-ad664ac213bc,lsangh5@moonfruit.com,(581) 2923814,mvaunh5@phpbb.com,28
fb1551c7-718c-420d-8c24-67df5975e7b1,fhelbeckh6@typepad.com,(888) 4450427,cgiannottih6@sogou.com,63
0775fe19-bfca-47ac-97fb-01b9c15842bf,mciccottih7@reference.com,(702) 6992113,gchristensenh7@blog.com,59
9dfeb404-968b-4c34-8c26-cb587d5d80ae,bcleverh8@chron.com,(253) 8681325,trehmeh8@oakley.com,67
285614c2-8c51-4dfb-bb8b-26ce8925531d,cfoordh9@delicious.com,(887) 2905568,rnoyeh9@blinklist.com,77
e7c1dac9-8230-4020-b824-e1f14719619b,epeareha@google.co.jp,(570) 3155049,anunanha@hp.com,68
0fd6f7bc-cfdb-4853-aae4-9ddfdabcf701,wbattersbyhb@smugmug.com,(649) 5637009,sswanehb@unblog.fr,23
c4b79633-6dce-4cbc-83f1-152281bb6b26,tdorberhc@narod.ru,(198) 2134074,iblackiehc@deliciousdays.com,19
4b689bda-e048-41fa-adc9-4c40b36369bd,cbeaudryhd@hubpages.com,(351) 3051531,wspilsburiehd@slate.com,70
3327005c-8e93-4463-a35a-53763817f69d,rpictonhe@usatoday.com,(330) 2767483,cbreazeallhe@plala.or.jp,35
bf126148-137e-449d-98b7-e6a1e3bebd40,abardellhf@blogger.com,(552) 3916863,cpavlovichf@seesaa.net,49
431e35d2-8325-428c-a403-b8dd1c74e25d,gtothhg@examiner.com,(466) 6788364,sbrandsmahg@unesco.org,70
c9d088ca-9634-420e-9c84-70a0fcb1235c,prieplhh@yellowpages.com,(169) 6542243,dmcinneshh@youtube.com,69
1c04e88d-5250-4b91-8f12-91bcf2ebc19c,dpudehi@booking.com,(834) 9877295,etevlinhi@paypal.com,62
bb0797aa-b449-461f-8350-308d4220c36d,ldelacostehj@xing.com,(417) 7198913,wsavillhj@hp.com,22
f067c15b-a615-4b6c-a520-cb368023cafd,gmucklowhk@squidoo.com,(646) 3613924,zsciussciettohk@nydailynews.com,43
af30b260-8336-47fd-ba08-1e409e867381,sbourthouloumehl@sciencedaily.com,(223) 4799440,dgourliehl@tamu.edu,30
fe7c4ff8-f966-423e-9ef1-04105c09b411,tyaninhm@phpbb.com,(620) 9924212,bhastiehm@slate.com,42
52a6ec6f-6910-4698-a0be-12c5483860aa,mlageshn@so-net.ne.jp,(980) 6888410,jrubroehn@is.gd,24
84ec5acb-6ffb-4817-8557-eefad08c66cb,ytremellierho@live.com,(850) 7904330,tpoulsumho@shinystat.com,38
50eefc14-498b-4cad-93b3-a23093641530,dmcillrickhp@imdb.com,(361) 5191369,nyashuninhp@yellowpages.com,26
e9303417-1017-4f85-b77e-68d63d8e80f6,ccapozzihq@addthis.com,(124) 4302919,hcomellihq@disqus.com,62
cf626c35-def6-4cc8-9218-e4f70a404739,ftoynbeehr@goodreads.com,(467) 1594858,gwoodgatehr@theguardian.com,34
62f94a9e-e5ab-435c-9499-6604e736ff0c,jbernardellihs@ucoz.ru,(456) 6479161,tbolterhs@multiply.com,28
052c1b59-73f7-4a97-b7dd-b4b7dce11c5d,lcotelardht@latimes.com,(690) 8807621,tabramsonht@opensource.org,73
ec693c70-ee10-4407-8d40-468ca92d29d1,fmerkelhu@ftc.gov,(567) 1061012,jwhorltonhu@freewebs.com,41
50b41085-11ec-4c98-92fc-da282be6bebd,vsmallbonehv@123-reg.co.uk,(119) 4055818,lfreynehv@uiuc.edu,42
1522b859-51e8-423e-b9e4-747eb70f8c52,nellickhw@tinyurl.com,(675) 1218137,efrietthw@ebay.com,79
38c1e5a7-04eb-40b4-9aa9-f2f8f9efc112,alobehx@devhub.com,(783) 2874169,mmardellhx@artisteer.com,79
e1a41f59-0cc0-4f17-8702-ba341ccfd2b8,cfrankcombhy@vk.com,(114) 2560845,awillardhy@github.com,74
087137fc-48d9-41fc-a45f-0f1e591d126d,dkinvanhz@youku.com,(859) 5994191,rlemarhz@so-net.ne.jp,47
5c523bea-38ff-408f-967b-10dcdb0f56d5,iskahilli0@privacy.gov.au,(220) 8683530,fcadwalladeri0@unicef.org,63
bbc52763-b203-485f-8e4b-8595eee18462,kpennellsi1@guardian.co.uk,(879) 9009803,ngittingsi1@123-reg.co.uk,23
48385ecf-2c36-4668-bce7-62def2fbed16,cdallicotti2@networksolutions.com,(160) 5494812,lstoatei2@about.com,63
a70b7bd4-88bd-42fb-ada5-d0cf09d1f2da,mnendicki3@live.com,(223) 6111722,smceacherni3@tumblr.com,51
85496109-368a-47c4-b257-03c803e25e54,aransleyi4@1688.com,(640) 3826787,rfillaryi4@free.fr,51
c15349df-41f0-4db3-acf6-cf0e1d0df885,ndowtyi5@drupal.org,(682) 2378082,tpidgeoni5@feedburner.com,22
3b88e479-0955-4965-a839-d2dde8c3e128,mwinderi6@oaic.gov.au,(958) 2413757,clympanyi6@bluehost.com,36
bc5bba7d-98bc-4a96-93e0-cf1ab4832f2e,lchevini7@wufoo.com,(942) 7506714,hcockaymei7@woothemes.com,47
7cdd9ba1-ba19-4207-b323-4055af0d70d2,dedwinsoni8@marriott.com,(576) 1491295,alobleyi8@phoca.cz,31
4ed4d700-ab37-45c3-8e3d-a9841bcb8374,mbathi9@blogspot.com,(478) 8606830,cgathereri9@mayoclinic.com,32
82b10cfb-1502-466f-a1ab-f22e6d1c6db3,khoyesia@prlog.org,(984) 9342266,gmartinuzziia@de.vu,59
a9c8cd1f-a954-4e48-92c2-7c1e449862e9,rlanfranconiib@yale.edu,(408) 1471984,pflattmanib@samsung.com,33
168ac1f6-55d0-4657-8e2e-c3fe639d49d4,mtyddic@newyorker.com,(724) 8555468,anorreyic@scribd.com,50
9c10c523-fd71-493b-9983-0af74ce08340,gvanthoffid@biglobe.ne.jp,(300) 5433519,hbettingtonid@freewebs.com,52
a91664c9-56b9-4f63-a860-ea201aaffbf7,dwhitseyie@biblegateway.com,(274) 1569037,egossageie@census.gov,55
3fab725e-2003-4dd9-a083-9417d9a97b85,gklugerif@google.cn,(684) 9343971,cduligallif@tripadvisor.com,47
1218ca06-905c-4008-a2b3-1883b1b140f4,mtomkissig@last.fm,(706) 3471467,qaberdeinig@google.com.hk,43
2bed51b5-f14c-46ec-b07d-b67715ffe1a5,jsacklerih@omniture.com,(176) 7065806,dthoroldih@java.com,41
07dd2384-3d3e-492d-ba8d-6dc5379d2c1d,mpavettii@imgur.com,(432) 1499783,lharmourii@newyorker.com,67
411bd7ca-30ec-4303-a509-b9c867202068,claundonij@mapy.cz,(943) 6568798,adedmamij@prweb.com,75
83d2d362-e488-4b3b-a3f3-8ba5b6e2c87b,emeadenik@tamu.edu,(590) 1108411,cnundik@smh.com.au,39
10e9887f-3198-43b3-95ee-356471d9cf83,gdenisetil@qq.com,(829) 6555842,jgallandersil@statcounter.com,49
5f256607-a070-4c33-8c00-5f86ab54fd78,srobbeyim@lulu.com,(414) 5423076,cscocroftim@uiuc.edu,74
b1e38b25-0bc8-4eb4-a3bb-18d987d81e76,bluffmanin@ow.ly,(988) 6394961,evahlin@google.pl,61
79a0cb32-050b-4f2f-81e4-d7d06f13c59e,pgeramio@deliciousdays.com,(822) 6400871,lhelderio@ucoz.com,69
50d3146f-cd33-4a6d-97da-95fe1ba28b85,dforsterip@netvibes.com,(473) 3357795,bduleyip@apple.com,21
862f4a1f-9ec7-4a53-ac63-56e28ed5c44e,gpagetiq@salon.com,(284) 4753620,ahantoniq@blinklist.com,34
b11518d2-7b9c-4cc4-a98a-7935bd68339f,tgynnir@nytimes.com,(111) 8828266,jtunnadineir@youku.com,68
3f99fd59-9abd-40a7-aed8-89e0111dd43d,mdachsis@umich.edu,(741) 5203198,vgaitheris@un.org,47
ccc39889-3241-4736-802a-f175bf5da4a2,cbraithwaiteit@state.tx.us,(370) 8024116,ctannerit@sphinn.com,78
e6dd8fa7-0530-4ab3-8539-830b003f52b9,gyuryatiniu@topsy.com,(100) 1516432,fspositoiu@ucsd.edu,29
bf57c233-404e-460f-94e6-b986fe1562f5,pmussettiniiv@dyndns.org,(271) 8266317,lshepherdsoniv@prnewswire.com,49
089c8d8b-bd1b-495f-90b3-71c2dabfc7e5,folexaiw@telegraph.co.uk,(456) 9308460,bhyndiw@wix.com,73
20e5e0de-1764-472d-bb22-ab50ffebb106,jsherrardix@google.it,(494) 9512415,lcrossix@flavors.me,36
b2a367d9-691e-40af-aba5-dac041a8ee78,cwiburniy@webeden.co.uk,(408) 6846799,wdevilleiy@naver.com,30
b5a12075-5919-404c-b58e-ad8dd4d42c1c,amccereryiz@oracle.com,(503) 2061828,hcanferiz@patch.com,40
6d41095d-42f7-4194-9af4-960e7d1533c8,dsussansj0@howstuffworks.com,(255) 3383758,lrihosekj0@nih.gov,65
c54dfbf8-07e3-48d9-85de-418655a435bd,cburnhardj1@tumblr.com,(556) 6528280,cpointsj1@e-recht24.de,19
93616902-84f8-4544-acb1-9bcb84966f5f,emcmoyerj2@smh.com.au,(605) 3298094,bstrelitzerj2@gmpg.org,36
b0efe318-3054-4e41-9830-10aa49469e1c,kvorleyj3@harvard.edu,(638) 9091769,tsharpej3@tripadvisor.com,20
57dc9c28-aeed-42fd-8175-545b4fcf3769,hbirchwoodj4@tumblr.com,(489) 1960458,otuckj4@sogou.com,51
6013a991-6c0a-4875-b49d-8c46a250a36b,adraayerj5@amazon.co.uk,(676) 1833544,cbreedej5@abc.net.au,78
7c467141-7656-4e26-aeb2-fc1c0375dec3,ladmansj6@blog.com,(586) 7217396,bdrydalej6@cam.ac.uk,59
42a2a955-3854-4b31-b563-e6e156616d37,agarfieldj7@independent.co.uk,(343) 4110916,ktetlowj7@globo.com,65
9e6a2b99-63e7-48bf-8565-446ea6ff9d71,dewbanksj8@ox.ac.uk,(947) 1913694,hbresnenj8@scribd.com,60
71f477c6-a230-429a-9487-6a635078d217,mgoodwynj9@cbsnews.com,(436) 1375877,dffrenchbeytaghj9@vistaprint.com,65
6273f458-febe-4efa-8df8-259d2c034526,bbrundillja@bbb.org,(853) 4687501,glererja@techcrunch.com,39
2c76d301-8ba2-4629-89de-07366400a061,zzimmermeisterjb@nifty.com,(110) 5550437,bflindersjb@princeton.edu,22
03d2834f-c3c3-4a2b-8bd6-3f6f3af0b018,wlismorejc@edublogs.org,(127) 4494987,cvasilicjc@sina.com.cn,59
4b47b042-b66c-4b19-9511-ec3f0e2b3a7a,cscarsbrookjd@cnn.com,(240) 2446441,igraveyjd@msn.com,73
298b42da-ec54-4575-8504-c8ef5a35fd47,jwhettonje@google.ca,(274) 7896659,dedmonsje@exblog.jp,78
d502cd51-1e0e-42f3-96f6-2b26be46351a,llevenskyjf@ca.gov,(209) 1849947,kmatchittjf@seattletimes.com,29
b21d6eee-2510-4090-a43a-20c2db3f6b28,dheaslipjg@topsy.com,(465) 4509764,drosindilljg@wufoo.com,37
cdad314b-dddb-43df-ad95-177e18b42cee,tfosseyjh@cocolog-nifty.com,(871) 6967503,fmccowanjh@constantcontact.com,46
474da7e6-6e92-4716-8c16-3618c1f7a748,kdraiseyji@spiegel.de,(626) 3255896,jhatchellji@wisc.edu,53
e6b79ece-cd96-470e-97c6-284b6be6b8a6,tpallesenjj@ocn.ne.jp,(667) 3786967,bgrundyjj@feedburner.com,54
8fe19b25-2d4a-409e-a55c-18653b000f15,tmittenjk@lycos.com,(121) 4224080,kouterbridgejk@ucoz.com,52
48c92fa9-d6db-4431-b1b9-5935f6e27ee3,gcloughtonjl@salon.com,(828) 4259768,mphythianjl@google.pl,54
2a0e7d60-d79b-47f0-92ce-bd3ad579ab46,dbackwelljm@com.com,(611) 2372247,hmauntonjm@yahoo.com,35
8213ab27-9eaf-4e43-bbc0-447263b27a66,gcollingwoodjn@netlog.com,(284) 4924489,akieranjn@wikispaces.com,48
c1811ec4-c710-422b-a60b-ec79e3889cfd,tsudelljo@github.com,(110) 1550707,braffeortyjo@simplemachines.org,18
39f18adc-b10b-4334-96d4-9701f5a31dd9,jsigsworthjp@vistaprint.com,(193) 1385089,mbasnalljp@163.com,21
76393f7a-7811-420a-bfac-b6b2360548e4,mvlasenkovjq@tmall.com,(744) 5460869,jsailorjq@com.com,30
adeafaf9-996d-4ea9-9c19-4f29e88286f8,kpaueljr@twitpic.com,(321) 9599416,alindljr@skype.com,75
b828fcea-8e17-43fe-818a-c0d8f64ad05b,asandryjs@booking.com,(975) 4006608,socainejs@usa.gov,24
b5026749-2e57-4cbd-a1e9-bffe6c47fb37,sannottjt@irs.gov,(202) 6429761,ebousteadjt@macromedia.com,26
ecef97f4-004d-4dad-8112-47d42889c394,efleethamju@biblegateway.com,(203) 6791884,czecchiniju@google.it,21
7f37ff89-ccd5-4b48-8a15-3c70016a2ac0,scrowdyjv@jalbum.net,(313) 3806873,ecapenerjv@tumblr.com,74
443732ff-d9bc-4875-b167-f68ef48b2288,mmcmurrayjw@histats.com,(230) 4138048,fhoultjw@elegantthemes.com,29
14251501-4c01-45ff-8311-c6421843367c,kwillettsjx@wikispaces.com,(734) 1068042,cdannielljx@wsj.com,62
aa52032c-5e69-4d3e-a279-50ee2f475085,dfieldsjy@bbb.org,(427) 4295698,hcarrivickjy@samsung.com,54
7accf1c6-80e3-4756-99cd-c2e7a14454f0,cdownsjz@slideshare.net,(557) 5656407,mduffieldjz@dion.ne.jp,48
3fd04002-20b4-4c87-81f4-dd2f5a59740e,nastlek0@wisc.edu,(278) 8926531,bedgesonk0@altervista.org,76
08d87e71-5885-4e7a-a92b-44294bc5f8f4,laiskriggk1@craigslist.org,(617) 2665291,dbauerk1@timesonline.co.uk,64
fb258e91-9543-455d-b878-e85dd5f506ae,lheckk2@sphinn.com,(103) 9153473,tbutterworthk2@nymag.com,77
a18447dd-2c8f-4b56-9c78-022c4b11aae5,aflewettk3@so-net.ne.jp,(409) 7950385,agilesk3@deliciousdays.com,35
c51ed6dc-e3fc-487b-a2c7-bcd6c6a866b2,cpetticank4@twitter.com,(136) 5337494,ahainsk4@seattletimes.com,63
fceb5b06-6672-4e0f-9fd9-0f7193ad5c69,tstanesbyk5@biblegateway.com,(484) 5021870,dwoodthorpek5@gmpg.org,22
426b06c4-50a7-4429-a4e9-b9860a62724a,mcapellek6@loc.gov,(334) 3495756,larnowk6@oaic.gov.au,38
e12d3419-c45f-474f-8df1-b8fe772bde5a,hgeggk7@opensource.org,(657) 9691247,psnoadk7@blogspot.com,59
a947c1c3-d934-4f5c-8a80-592244fc9207,uallinsonk8@gmpg.org,(283) 5166671,bmcgivenak8@hubpages.com,26
96526b94-5abf-4b4f-870a-3be3f8d53761,rlaxsonk9@cyberchimps.com,(288) 2485879,cdarnboroughk9@woothemes.com,54
7f8ab19a-e450-4724-a03c-a777b60ceaef,ltrubshaweka@wikia.com,(662) 7497268,mashallka@myspace.com,34
3b75828c-2697-4da2-95fa-f96526f61335,glastykb@alibaba.com,(604) 2408790,cbussonskb@biblegateway.com,73
4e613e2f-7b82-4d42-b240-c16abefb1b57,jandreekc@imgur.com,(411) 9281409,mbraniffkc@reddit.com,43
93c63fa5-8272-4dec-857d-a510e749fe3d,lwebbkd@ustream.tv,(141) 7056778,cchumleykd@over-blog.com,47
b684d850-2e54-4575-9c18-7a789d1fb70d,nbondeke@upenn.edu,(153) 6473758,ehazeldineke@twitter.com,73
8a5d88c0-0190-42f5-9b9f-adf6e2ede068,seyerkf@mac.com,(912) 8955925,uenterlekf@webeden.co.uk,45
cc8b6836-c171-4ec9-8797-0b1c994b530f,cfrancktonkg@shareasale.com,(407) 1353993,tpipekg@bravesites.com,24
f36b415c-22c0-44d3-8f73-cfbce416b966,thamblykh@sbwire.com,(752) 1943040,slosebiekh@fastcompany.com,29
57a1f664-64f6-4e15-b647-8aa23bc7774c,scarasski@booking.com,(178) 1306760,hbeamondki@zdnet.com,22
7eec6046-c53b-4970-aa16-9ccb18aad135,bmartlewkj@disqus.com,(526) 7539142,cizkovicikj@histats.com,27
6c81ba95-7a77-4ef5-a9b0-7fa78d996cf5,cmcartekk@geocities.com,(121) 5801456,iblaydonkk@hostgator.com,36
7ece2d61-d9c1-416b-a34b-7eb7dc69f2fb,ccredlandkl@a8.net,(403) 3535486,llambkinkl@auda.org.au,59
00e4af14-661a-4491-842a-e77e7d762750,vstuckeykm@yellowbook.com,(488) 5568176,fdoyleykm@51.la,65
789a76cc-46d0-4b84-b92a-d24d6832f719,asellankn@geocities.com,(804) 6344847,knoelkn@clickbank.net,33
0adce678-1c2f-4855-963b-fb2a09ef34ba,lwhissellko@dyndns.org,(211) 7459609,atraceyko@friendfeed.com,74
3abe5c21-30d7-4f22-bafe-9ff8b3c79888,etrurankp@t-online.de,(191) 7059505,emeakekp@earthlink.net,67
ee4416ad-843d-43ba-acd7-f23eef65c842,rwebburnkq@networkadvertising.org,(270) 1031386,dklemzkq@t.co,25
5ba303d6-d7f8-4f7d-a6f9-5e922d5d252e,aohartnedykr@tuttocitta.it,(589) 5439866,nmcknielykr@npr.org,21
bff28c41-f886-4b65-a59c-258975c0fb99,jhealdks@google.cn,(547) 5232063,swetheraldks@google.co.uk,26
6455f76f-40f1-4c61-b8e6-9935111fa6e3,kglassardkt@oakley.com,(368) 8184780,placrocekt@ftc.gov,53
a4bd8539-3080-4a49-a7ec-17c50f7e873a,lleflemingku@nbcnews.com,(330) 2877999,acrawfordku@indiegogo.com,55
2939ab2c-74e6-4d12-a7c8-b1b90f0dfef9,jcescottikv@mediafire.com,(547) 6412835,mchartmankv@wsj.com,29
6e61956d-3dae-45e4-83c0-6b3c3a0b493b,lgazekw@1und1.de,(865) 6864729,cmacallankw@smh.com.au,58
a82b5ec9-d9c8-42cc-aa2f-c4e64ae63193,djohansenkx@flavors.me,(383) 1770641,ofatharlykx@imageshack.us,77
df2f8984-b01f-4730-848c-a805dc19b44f,dspringfordky@scientificamerican.com,(943) 9669818,dtidboldky@e-recht24.de,20
40b636ab-7e77-416e-83d9-7b8cb76c18f8,lseearkz@icio.us,(963) 7054061,lalessandrinikz@wikia.com,76
3fde1f30-c5a7-441e-bec1-7f770d9ad019,nsweetlandl0@blogspot.com,(121) 5074985,ewhinrayl0@ezinearticles.com,22
f79bc0ec-3299-44a5-b6d0-647478e93d51,isamwysel1@ftc.gov,(610) 9057742,adrydenl1@w3.org,76
c6856219-29da-4962-9d71-b38dc5bec1a2,twittierl2@bandcamp.com,(174) 6082774,pchrispl2@narod.ru,75
f795552c-c321-4deb-b570-63cbdd986a91,mhannawayl3@php.net,(386) 6259172,twarryl3@topsy.com,41
5105ec8b-4555-45ca-b0ef-403b97658a31,cchalkel4@bandcamp.com,(244) 6077865,bcurgenuerl4@wunderground.com,31
4286b745-824e-45a6-91b3-1dd835cd9ad2,wbulcockl5@surveymonkey.com,(309) 6057390,sbumfreyl5@wufoo.com,45
4bd077b7-d0b0-4d52-a073-b8e9223808bd,arollsl6@wix.com,(532) 4476451,aaingell6@soup.io,50
e992a97c-3ba1-4aae-ada1-3113fd615889,mbalderstonl7@nationalgeographic.com,(605) 5723120,rmyerscoughl7@rakuten.co.jp,54
5a1aee2c-be89-47d5-896b-26ceda0af7aa,vwellingtonl8@unicef.org,(536) 4798948,mhelkinl8@google.cn,58
3853e6c9-796f-4d8f-aa72-835975574bf3,rbeaumontl9@cloudflare.com,(466) 2760964,cfeldharkerl9@google.nl,25
4e3aa9fe-810a-4bb2-b48a-884afed4932a,fcolnetla@unc.edu,(843) 3418440,lcostyla@weebly.com,63
9120d8d3-732e-4359-9d02-402d0159069b,dabbslb@spotify.com,(600) 2507177,lmcaviylb@google.fr,51
fd3f96db-e0c5-45b4-ad5d-d176a915d3cc,jbottomorelc@mac.com,(219) 9720093,mstronachlc@cafepress.com,24
6ed0ad80-a13e-4e5b-81aa-58ece8abae1f,cbreeseld@businesswire.com,(652) 4212169,kviceld@si.edu,68
753bc31f-7775-4f9b-9496-3b4e20986ef2,dbendlele@prweb.com,(715) 3336897,lhemberle@ow.ly,49
70dc0e44-524f-4d8f-a673-62133d5cb578,apfaffellf@uol.com.br,(141) 5504516,mbonairelf@smugmug.com,47
d97cd049-ffa9-4215-b1ae-af01bcb2ec50,mdemogelg@mysql.com,(121) 5698833,igraddonlg@oracle.com,73
e5e4a8d1-07b1-4ce0-b336-69e5bd2c7fd3,bbulstrodelh@ocn.ne.jp,(859) 6149590,rinstrelllh@microsoft.com,44
00cb823d-e0f4-4289-9566-bb0107cc3ca7,sblackettli@cyberchimps.com,(297) 1683739,gchatterisli@addtoany.com,19
f78bbe5a-4f44-488d-9a19-2406fdfdfbbe,lbernathlj@histats.com,(648) 2278314,amesserlj@google.ca,64
626c9fd9-263c-46fd-a46b-eddd109ca66b,dberringtonlk@goodreads.com,(910) 9282373,tblessedlk@ovh.net,26
881be73a-2c7e-4b70-84bd-a150b0d24ed7,slocalll@hostgator.com,(501) 4968274,ifoggoll@gmpg.org,77
8423b26b-e0ce-4e31-ac19-a2df821f6dac,scrowdsonlm@fotki.com,(279) 7712946,spotterillm@fda.gov,37
6fcdbc10-9ca0-4307-8d81-f577c519efb9,dmissendenln@pagesperso-orange.fr,(443) 9079298,harnoldsln@telegraph.co.uk,77
e2cae524-ded6-4182-99af-76d47a010c38,etumilitylo@bandcamp.com,(586) 9829112,cbromontlo@yelp.com,36
8ce3b62f-089a-47e8-b6d2-24b767f9e06b,klimerlp@ifeng.com,(569) 2874489,gstormouthlp@hud.gov,40
c56d4862-1df1-49ba-b03b-e1ddfeb26eb3,mallawylq@bbc.co.uk,(288) 9677361,mducelq@narod.ru,20
2f4b55ae-d8b8-4d79-a194-93f2cf8420cf,jprattlr@acquirethisname.com,(202) 4460025,abolderoelr@github.com,66
6c722e5d-e15e-4f42-889d-ce2607ae8338,daldousls@furl.net,(809) 1992586,kmaciejals@mozilla.com,72
ff878944-6aa8-4e70-bca0-fb003bde8438,bgronowlt@usa.gov,(227) 9711935,gthorroldlt@twitpic.com,70
4eb67ed5-c7cd-4ae4-ac6f-c5e04e6683d1,htrenamlu@npr.org,(910) 6926665,anucatorlu@scientificamerican.com,42
2cdb0d7f-462a-465c-bb97-413d2b164ee9,rcoweuppelv@chron.com,(861) 8633230,chartgilllv@webs.com,39
6c40f587-a3b7-4c92-a927-2ffcb203c679,whurchelw@naver.com,(432) 8699345,dmendoncalw@mashable.com,36
2bc93797-85ee-45eb-9018-ea67a5158c54,llaleveelx@boston.com,(892) 4678785,oducastellx@github.com,77
007356d2-d292-4002-872a-e9c77e8a934b,mordly@nature.com,(607) 9899462,hjenkingly@guardian.co.uk,51
cb20cfb1-9bca-428e-ae2d-b87a19523885,tskechleylz@sphinn.com,(925) 9629610,bolechlz@tinypic.com,24
c19c16b9-1a69-4df7-8dcc-51c20c3f84ab,mpercym0@walmart.com,(614) 3891630,aguittonm0@ebay.com,44
235343b5-ba23-48dd-879a-97a47505246b,bmourantm1@hp.com,(777) 1702883,cdovinsonm1@soup.io,62
1e91fa8b-25ec-4779-947b-bc3a1c853af3,cpostlem2@vk.com,(863) 3761758,cgosenellm2@unesco.org,42
9f111141-c7dc-4719-8491-fa836560657e,kwellandm3@flavors.me,(429) 9554450,jmorefieldm3@ezinearticles.com,47
0757ce81-7e8a-4467-8d49-925aed6225d5,dbatteym4@123-reg.co.uk,(270) 1755159,fmacallanm4@yahoo.com,29
b1f5f0cc-8d99-4e17-8167-8fdd8e2bb28d,kpaolinellim5@macromedia.com,(334) 7535250,wcradocm5@photobucket.com,23
7eadbe0f-3a8b-47ea-97b4-bb61dc88256b,clegendrem6@princeton.edu,(772) 8022075,nspavonm6@webnode.com,41
9c939cba-4295-4582-8811-0a0b3600246a,dbeevorsm7@posterous.com,(197) 7444388,kwilsonm7@tiny.cc,26
caeae7a0-8d3c-4577-ae9a-e40d4df49b1d,hovittsm8@springer.com,(821) 8765454,tserjeantm8@hc360.com,45
ec123c63-5b93-4b5d-ab43-3d73b2391a79,ggilbeym9@mac.com,(319) 2237894,khitchamm9@europa.eu,31
dfb4180f-6e81-47f1-a6c1-761b61453fa3,fsallowsma@soundcloud.com,(626) 5061550,skilianma@shutterfly.com,19
0b040b59-fec6-49d7-92b8-e6b56d188b03,rblacketmb@upenn.edu,(741) 3278762,pmilesmb@wikimedia.org,73
38c03feb-0be2-4336-a66c-ae852d812581,candreumc@cam.ac.uk,(715) 7636724,cswangermc@biblegateway.com,26
904e6307-85ef-4539-a7b2-135b106c40ff,fcookmd@desdev.cn,(852) 9028448,dnoarmd@noaa.gov,27
b570c70d-a5bd-475b-925b-868246a37366,chaskerme@chron.com,(584) 7409056,dgrigsme@last.fm,62
f2c081a4-ef15-43d0-bd98-36ff60de6b2c,cambermf@deliciousdays.com,(313) 3676725,kmaccaguemf@hao123.com,23
bcd780f4-bb22-453b-9b30-5c2752a71c9b,eheddonmg@e-recht24.de,(603) 6291912,acarnelleymg@mozilla.com,32
64afa1aa-be70-47b3-9f07-9c2fc45c2576,lmummmh@oracle.com,(737) 4360741,tczyzmh@go.com,19
beb7dae2-99aa-4051-9315-dc9a6c51712a,byashuninmi@mapy.cz,(630) 6762774,rmacaleesemi@google.co.uk,39
e519c488-5756-4a84-bd33-74bbf2d89b36,pturnmj@tuttocitta.it,(386) 8785990,jjedrzejczakmj@skyrock.com,48
95bd3f0a-5cab-4023-9982-b1f5e39076bf,cminghellamk@google.nl,(583) 5588070,cwitchmk@blogtalkradio.com,65
f4567ea5-5ee2-47e7-940d-58a368009e94,jdemogeml@google.pl,(285) 2789977,nmayml@trellian.com,18
cc8a497c-e6f7-44bd-927d-1b9e8c90208d,doccleshawmm@list-manage.com,(775) 2513353,klattkamm@hatena.ne.jp,22
0d50ae6b-fac6-48d8-9d04-4a0b6009d290,jashbrookmn@msn.com,(161) 3654915,mbeddardmn@acquirethisname.com,55
3a4dd46a-50ed-4703-8cfe-72fab452f985,mderyebarrettmo@unc.edu,(601) 4678536,epowlandmo@webnode.com,51
dc913865-647e-42f6-b108-9c14fc06acb8,jtruwertmp@yahoo.com,(763) 4819893,gfliggmp@myspace.com,73
73948f01-e813-4ede-b8f6-296fe63a28f9,pnansonmq@google.cn,(324) 1669797,agaulemq@usda.gov,55
180af383-aa98-4310-b06a-d02c843375ef,ahickissonmr@paypal.com,(899) 1683124,sshercliffmr@forbes.com,73
e6a5750d-bc26-42b1-a964-2fbd0e978f52,tchannerms@bbc.co.uk,(198) 8586347,ncopinsms@redcross.org,59
6a5f0cef-dadb-4a02-ba00-37ff7f32bf34,htrahmelmt@bloglines.com,(921) 8984001,fdeeveymt@elegantthemes.com,21
4d93aad5-5785-451d-8842-dd3e7121d6a2,mpaffotmu@who.int,(351) 1811316,srampleymu@omniture.com,68
47a0af7d-d073-4459-8d7f-7156ddd563cb,snestorukmv@odnoklassniki.ru,(155) 2316407,nchristoumv@twitter.com,61
4c835982-3f16-439c-96a9-3f57a30f13ac,kbarenskiemw@netlog.com,(282) 4909639,fsturgessmw@nih.gov,25
d0cd86de-f023-4d3a-95cf-2c06a414f05a,hloukesmx@pagesperso-orange.fr,(352) 8218008,ghathwoodmx@shop-pro.jp,62
9fdbfff1-932b-4894-971b-d186763bd3f8,mmcfademy@slate.com,(715) 2546195,vcaldecuttmy@newyorker.com,45
d5214e83-f626-4d7c-816b-f69d06c93b89,kgiggmz@lycos.com,(163) 7449498,skornyakovmz@unblog.fr,47
d4afdcfb-de10-4460-a3bd-c288adcf536e,kchongn0@theguardian.com,(598) 7263176,xdudingn0@google.de,77
5aa30577-61b2-43cc-8db2-43dce3dcf0f0,blightn1@washingtonpost.com,(832) 8704344,mlambolln1@zdnet.com,48
f64a5e8d-5abe-430a-98b8-97290b068fe2,sstpierren2@hexun.com,(576) 5811961,ealywinn2@disqus.com,50
6359a3e0-641d-4e57-aff2-6305826acbc9,apiscullin3@state.gov,(163) 2560423,lalansn3@kickstarter.com,41
8a983c16-8489-484b-ac95-8893f24e590a,smewhirtern4@purevolume.com,(291) 4842369,fhaselupn4@parallels.com,61
1445933e-2210-4399-9c03-3d8c26ea795f,cbarnicottn5@vk.com,(730) 7026422,akitchinghamn5@cam.ac.uk,43
d47c0ccf-fd7f-408b-a3b7-75755ce554a4,dwayten6@mozilla.org,(878) 9557671,skaplann6@is.gd,55
72ba9986-c3b2-4116-99ef-8070fd399776,jatchlyn7@auda.org.au,(975) 3873523,hkillshawn7@eepurl.com,45
f089b4f0-499f-42f8-aa99-e74e40ca2ab5,sstuchburyn8@homestead.com,(466) 4168456,ddanforthn8@altervista.org,64
1df3f117-8605-4497-a69d-4d777165715d,mpolglasen9@jugem.jp,(580) 5019958,sheintschn9@google.co.jp,68
55d344fa-3e90-4762-a77b-3e61a901c36e,jdeinertna@over-blog.com,(937) 8556435,mbrumheadna@economist.com,29
89de799b-677a-4db6-8d80-45ec80c11652,gholburynb@whitehouse.gov,(955) 7236227,aevettsnb@over-blog.com,29
ff8bdc18-91a0-4de2-bb68-0959e954144b,srumblenc@cisco.com,(896) 2545270,mandreopolosnc@gizmodo.com,44
c4f3fc3e-2318-443d-a6df-ca7bacc02399,mnattrissnd@skyrock.com,(469) 1292695,bfredianind@slashdot.org,63
dc4b0638-0271-4574-9df4-46a1c29a417a,fgunnne@usda.gov,(448) 3693754,rkeyhoene@nyu.edu,66
4cc0b861-57a8-47e9-94b9-a3315944862f,mjeacockenf@census.gov,(578) 8487233,awilsonenf@jalbum.net,32
2cfcc655-ce8b-4c25-9707-970bb37c7342,tbenningtonng@hhs.gov,(598) 3997425,ntribeng@cbslocal.com,62
139d4216-7a29-48ed-b751-814331c4e365,aoganesiannh@epa.gov,(487) 6086809,wdonnernh@npr.org,68
6b696574-dcca-47fc-9a90-c0711b651a04,kbaughanni@digg.com,(805) 3571698,mriallni@ted.com,67
77391986-bcf6-461b-a67b-9cd78bd2a6a1,dbonhomenj@ibm.com,(514) 3761782,bpattendennj@meetup.com,36
4d1f4501-1d43-46d0-8c89-e9f82b92448f,dtironnk@flavors.me,(305) 7177375,erathenk@bravesites.com,70
86294041-2692-4976-a05e-af1edc6c6294,lmalynl@yelp.com,(807) 4155450,jsaytonnl@facebook.com,64
c8c005f4-d7fd-4cef-9de6-478b255c2d38,bcossumnm@hao123.com,(160) 1156838,acarlozzinm@mozilla.com,70
7fa18a77-ffff-4433-ad10-1ad30bec8ced,fgrigorushkinnn@nature.com,(471) 4494773,skennardnn@friendfeed.com,38
e65cc35f-8665-46ad-b6dc-adfe1446e736,trubenfeldno@alibaba.com,(186) 5415929,kmcginnisno@bigcartel.com,27
bc3377c1-5f6d-47c2-9cf0-561a3e61189e,oheatlienp@booking.com,(887) 2309007,aashallnp@stanford.edu,71
801c56db-654b-46b5-9e8c-76aa45166849,glewingtonnq@rediff.com,(851) 9849459,mhallibonenq@accuweather.com,23
482be087-46d2-4be7-93f5-f4ea7710c86c,jfutchernr@shutterfly.com,(949) 1824407,jchadwicknr@google.de,47
e8ddbd9f-6c80-4617-920d-1cbaeee9390d,emackernessns@amazon.com,(134) 3223357,gnancens@yahoo.co.jp,34
cc03ed6e-9fd1-4060-8fe7-add34e783807,rtamlettnt@google.fr,(156) 4171667,kbabonaunt@icio.us,75
b56f0728-20d5-4b0c-99f0-75a0d78b17fc,kfyersnu@addtoany.com,(576) 9957575,eellinnu@soundcloud.com,61
a05c31d5-87da-4c32-8a16-4fc2c55eaf48,sleiboldnv@creativecommons.org,(979) 2718265,fbellasnv@uol.com.br,76
3ded3809-a11f-4c05-945e-968775eb81eb,oselwinnw@simplemachines.org,(483) 4770979,syellowleesnw@google.com.au,32
2b3c71f5-af33-4e39-8a94-89b1a2ed78fe,cmalacridanx@woothemes.com,(998) 8893963,hjandacnx@ted.com,45
584c7e05-6fa1-4933-8a3f-50fd43da0acc,epassionny@meetup.com,(503) 7564370,sschankelny@shutterfly.com,56
3c79f717-28a4-4263-ae6d-74e9f7e13e4c,tmathisonnz@infoseek.co.jp,(513) 4136988,odeeprosenz@home.pl,42
644c9fda-dfe4-40de-a53a-0c2a89816a06,titzchakyo0@creativecommons.org,(786) 7137749,cedlingo0@yellowpages.com,78
3062af0b-3545-46c8-847e-0d9361f49426,awasmero1@so-net.ne.jp,(993) 4936332,sveschambeso1@sun.com,18
c2db54c3-0194-41c2-a8c3-3d058bfe5227,eruddocko2@whitehouse.gov,(683) 6809241,bthireauo2@illinois.edu,43
cc9eddb6-f185-4100-9c9c-cc6a72ab26fc,jpophamo3@domainmarket.com,(204) 5749824,klabadinio3@google.ca,38
34a69ab3-7c3a-45b3-b25f-6b0de2efdac9,jreekeno4@cpanel.net,(753) 4695781,dmateoso4@msn.com,73
d1a64283-16ca-48c5-8c3a-0abd6d03d0d1,egwillyamo5@phpbb.com,(144) 6169876,scuddehyo5@ox.ac.uk,24
de092f52-99e3-4f10-8909-73c489c033cf,mdowningo6@jugem.jp,(349) 1570409,hlamplugho6@booking.com,49
68d7e607-a1d0-49a4-8feb-9bad08502eef,hatherleyo7@elpais.com,(892) 1755899,sedelstono7@gov.uk,50
c784acfb-57d2-4714-a58a-6d2200dc1c04,cdelicateo8@foxnews.com,(784) 3812136,nponnsetto8@arstechnica.com,22
817059a5-27c1-473a-a94b-839d6ad0b8ff,mpaolinellio9@weebly.com,(988) 9558206,gsalvatio9@cocolog-nifty.com,57
5871229c-51cd-4d3f-afb2-455783a6a598,ljantotoa@chicagotribune.com,(838) 8735708,tmahaddieoa@netscape.com,75
13430717-11ac-4289-9e5c-00271f34e50b,egaythwaiteob@dot.gov,(613) 8152273,byurkiewiczob@wp.com,74
b4f3b45a-727f-44a7-b20e-d507cfe43668,lmarrableoc@newyorker.com,(502) 3186238,ocrackeloc@xrea.com,40
c7344e19-a649-4713-abbb-4415df71fb04,icorpsod@usnews.com,(213) 8777297,ptyceod@ebay.co.uk,62
05feeafb-4783-4129-87a8-c60e8fc590c6,iandrolioe@yale.edu,(999) 9562265,khentzeroe@privacy.gov.au,60
1f5bb312-8e6a-4185-9f4e-b1587845ec26,cpiegromeof@zdnet.com,(876) 8580978,nazemaof@flickr.com,40
47a06c8d-2e1e-4ef6-9ca1-4de8e38ca86d,vclampog@delicious.com,(381) 5119916,jmoylanog@craigslist.org,77
d5df8b27-2c1e-4a97-9c93-3dbf82c9ebd7,galtoftsoh@wikimedia.org,(717) 3052203,nleyzelloh@yellowbook.com,20
10a8279e-747c-47ca-8621-39920eae3628,idollardoi@facebook.com,(599) 1638518,djoselinoi@google.ca,75
73476d16-7304-4a69-a5e3-fd3ca6450d3d,aleetoj@nbcnews.com,(268) 3300269,tflippinioj@aol.com,56
929f377e-a131-4ee4-b84a-e27d971ef996,cmickanok@si.edu,(227) 5218027,jcornelissenok@state.gov,41
00648064-166b-4529-ba19-1d85514477dd,ananool@shareasale.com,(165) 8968896,mcoughanol@nasa.gov,67
521fad38-4a60-4a3f-9295-7a906410915c,wduligalom@ucoz.ru,(812) 4099712,bcreedom@netlog.com,62
7a50d77b-2ede-4534-890b-4d984d1ed73d,gphillpottson@prlog.org,(100) 3677720,dbreemon@hp.com,66
b7e833be-ca5b-41a2-96fc-8492c2fbb35e,mvinecombeoo@accuweather.com,(414) 6331993,smyersoo@ameblo.jp,36
f8d165d9-806c-4aaf-95c6-f30f26828cd1,cgaytherop@creativecommons.org,(307) 2532822,fnarracottop@ebay.com,36
90b4f19c-170f-488a-9f18-6b7dbee80bce,wdinkinoq@free.fr,(588) 9830503,wcoldbreathoq@exblog.jp,46
cf66174c-0f2f-4101-87a5-0de1fff2ba1d,cfalcusor@ezinearticles.com,(794) 7445179,hguislinor@ucsd.edu,31
2e939e9f-2fb4-4354-9d57-47e8afcbead8,mnorcuttos@columbia.edu,(447) 7036944,feathertonos@wordpress.com,26
5685d6f1-249e-4c8e-9a44-e5a74658cee7,cbeverot@people.com.cn,(270) 6530981,hdunstonot@joomla.org,52
5542d5f3-b039-4c3f-bd4c-d53781cd9088,dcanlinou@oakley.com,(453) 6106246,druncimanou@sun.com,76
84e160e1-30b5-4594-8c06-4ed770fc53fe,zschwaigerov@google.cn,(196) 6929833,fcavanaghov@blinklist.com,20
75dd76b4-56a6-4d07-8c39-166031a4e6b7,jtoopow@bloglovin.com,(471) 9311482,egibsonow@senate.gov,22
1f4acb9b-e0e1-438f-9d5f-715d88ebf7dc,mharfleteox@apple.com,(890) 6694870,hstrutherox@soundcloud.com,74
2f62a954-0abe-49c1-820d-3b1415d73cc0,cpietraszekoy@cmu.edu,(847) 8812123,cjenoureoy@sourceforge.net,66
61b56d04-0b9a-44b2-9476-badc90821d26,cankersoz@nsw.gov.au,(684) 6503230,hwesternoz@tinyurl.com,60
f318d8ae-1907-4c50-aef4-e9796df061c2,bfeltoep0@rakuten.co.jp,(159) 5012454,ebutcherp0@state.tx.us,30
f7e5dbe4-cb13-4ac8-8fd7-1572a571002d,ctapleyp1@yolasite.com,(567) 1037573,bjudep1@auda.org.au,74
5cfb0866-03e8-4b33-808f-6a22693c8f33,tkennellyp2@fotki.com,(832) 2884250,bwalczynskip2@blogtalkradio.com,78
8042f483-8d46-48b6-9f8c-65ec6ba06950,jstangerp3@vk.com,(504) 3158434,gmahaddyp3@nature.com,26
04c918b2-0019-44d1-a218-6a414aa7c737,dhallibonep4@java.com,(506) 8037411,rlaisep4@pbs.org,63
ed0d7ea7-ace6-41e1-93d7-bd9cb3fb7036,cbugdalep5@opensource.org,(622) 6457128,pelstonep5@ow.ly,78
047aaf26-2c43-49b9-95e7-d3514b59270e,omcclintonp6@usatoday.com,(306) 1364421,brozierp6@walmart.com,38
e53d4f34-31e3-42c3-858d-d123346e1bb3,kmountlowp7@squidoo.com,(526) 1373931,ihanfordp7@sciencedaily.com,37
0c504203-ecb3-4e83-9d38-46956259e171,ljollissp8@sfgate.com,(309) 7370590,ateersp8@alibaba.com,47
5569b880-f713-4f23-9afc-7ae15b688521,smulliganp9@kickstarter.com,(559) 8024163,sgleavesp9@state.tx.us,34
74ffc51e-5696-4222-b8b8-4bc20dca4508,baddicottpa@java.com,(357) 5942326,cbergenpa@blinklist.com,24
9e3f9fed-a262-42a4-a5bd-49135beb5456,tchillpb@imgur.com,(118) 8687701,cgreenrdepb@senate.gov,29
1af72215-b1cf-4397-a008-44ea41314f3b,ztolemachepc@barnesandnoble.com,(220) 8789152,jhambletonpc@diigo.com,46
43f738a7-fd5b-4298-b174-aa3aae9c8103,cgilhoolpd@illinois.edu,(747) 4745531,cbrevittpd@stanford.edu,29
252c4273-b53d-4921-8a61-a779ea8f05af,bbritneype@csmonitor.com,(460) 6801893,mweaverpe@patch.com,37
e824a0ca-4bd0-4917-b914-0e93527443fb,kwildgoosepf@usatoday.com,(226) 8563827,lcervantespf@toplist.cz,69
10c30e33-1f1b-4fbb-9442-589b2f73800f,chundypg@artisteer.com,(702) 9268241,amaestrinipg@epa.gov,76
db706787-46d5-4de5-93cc-8fe2fc12bf51,dmoralesph@answers.com,(950) 4147618,cbrooksbankph@biblegateway.com,57
4690ab70-a6e2-487c-84e1-6cae974b1a5e,gthickettpi@de.vu,(274) 9585444,gbaudtspi@pen.io,32
f870ec49-d1fc-4a65-8ebd-b6d65492b316,sbrumbyepj@abc.net.au,(586) 2958261,jbramleypj@csmonitor.com,56
9a3a71ce-f6ca-45cc-af1b-c42a6c9016e7,ebyepk@flavors.me,(564) 3025951,kvalespk@cdbaby.com,61
0c835e6d-2d80-411a-9eca-c4d84345ffe0,bledgertonpl@free.fr,(628) 3541890,acoverdillpl@gov.uk,19
74df3456-fddb-4efd-86ba-bbcc0a727dc3,amcgiffpm@phoca.cz,(264) 7709037,gbengtssonpm@wp.com,68
4dc4bdba-b9bc-4149-b03d-f1927cb946f0,lbothiepn@php.net,(977) 7039057,balfordpn@mapy.cz,54
14bb3e02-8f86-406a-babb-1394e06c9f7d,bpruepo@house.gov,(692) 7358908,cbannardpo@dyndns.org,24
f9dff891-9be7-4434-b412-fd3b0e4408cf,amccluneypp@360.cn,(181) 4430348,mesgatepp@delicious.com,46
ae0b6b42-5eb4-4fe7-9fd3-12f4273f0e01,ikimberleypq@issuu.com,(431) 5405491,hdaughtreypq@earthlink.net,43
aa556cfc-4cf0-40e4-8a5c-5873034a3e91,aarnottpr@sina.com.cn,(970) 1091618,waleksandrovpr@cam.ac.uk,70
c9c171b0-cf32-4a76-b6f4-b744fcb63ce7,epittendreighps@free.fr,(418) 2441310,dsprigginps@histats.com,63
ddff5879-3057-4039-8e91-ece187573302,fseidpt@slate.com,(278) 7351115,fsaienspt@xing.com,61
c17f27f6-3a21-469b-b82c-65da1da80449,rmincherpu@globo.com,(950) 2000108,cgirkinpu@spiegel.de,29
ea79cf83-342a-4e0c-927b-cd337ad87880,cbartonpv@oakley.com,(883) 5630552,adymockpv@quantcast.com,78
f7989749-9c02-4a0c-9a50-51f837fd2279,ohuygenpw@paginegialle.it,(770) 5170475,hdorypw@biglobe.ne.jp,44
84a6c378-cfd1-4911-ab91-c7c0e39c6c52,dviverspx@elegantthemes.com,(954) 9824409,rfritchepx@sitemeter.com,51
2ab980da-ba6b-4204-a9f8-443334e6b12b,mgreenhaughpy@geocities.jp,(108) 9052798,mchatpy@godaddy.com,34
094a74e8-f9d4-4a67-8941-db2e07ec9843,knovotnapz@google.com.hk,(704) 4933337,drokepz@sogou.com,42
4f211096-88f1-4988-877b-dff1ea5ead7d,cdaniellq0@narod.ru,(331) 1294770,cocahernyq0@sbwire.com,58
d86021e9-2b6d-445c-87a0-11c487bcafd5,rmatieweq1@harvard.edu,(234) 6296366,kbezantsq1@naver.com,26
79c6b8ac-68ea-48e4-8959-9165d295fd30,fmeaghq2@loc.gov,(180) 9480009,mbampfordq2@sitemeter.com,69
2b783876-e51b-4eb6-ba95-f5cb850e86c6,vsussansq3@techcrunch.com,(708) 9666419,khewellq3@plala.or.jp,29
d87c9d2f-c701-4baf-a3e7-5b3b52389538,kissettq4@simplemachines.org,(379) 4010933,bkirkmanq4@ucla.edu,30
9081d446-8f40-4f4a-8f6e-e0b11d15fdb9,kburgisiq5@dion.ne.jp,(431) 4605158,ewelberryq5@last.fm,65
196376a4-84ce-4c3d-84e1-81f48e071094,lratcliffeq6@wix.com,(359) 8672046,ymewettq6@ucla.edu,28
f2d445db-14dc-4024-906b-417c63ffc100,okleinhautq7@opera.com,(354) 4926321,jdarteq7@domainmarket.com,62
e18d1ed4-5040-4629-9f3a-ad1b88a66bf0,ldaughteryq8@army.mil,(119) 1678298,lmackowleq8@nydailynews.com,46
52cb9453-56b8-40d2-b6f6-4372c9a2b405,ybartoszewiczq9@pbs.org,(903) 7546661,gainscoughq9@nationalgeographic.com,61
27f1dbed-89d6-4aa7-8096-389dbacd082e,paugurqa@163.com,(282) 2200688,cbelliveauqa@timesonline.co.uk,49
b35216d5-9920-4914-93c9-181740dbfd74,fwillmettqb@ucoz.com,(327) 9441317,gyitzoviczqb@a8.net,39
0a1ae625-a6e7-43a6-8cad-31ca97735fc8,cfarfalameevqc@google.cn,(638) 1484849,rronchettiqc@google.de,23
b7bb3383-804f-4504-8e25-21a744396cd8,mnelmqd@icio.us,(498) 6964176,lcrysellqd@ftc.gov,58
f435eb14-1f1b-40ab-a332-8ad1b08bd229,rdowsonqe@cocolog-nifty.com,(444) 6523538,tcartlidgeqe@fotki.com,71
0915643e-978e-4392-89c4-8e177eab0dd0,hcoeqf@t.co,(545) 5860567,ssheavillsqf@springer.com,72
51b8a834-20cf-4a9b-bba7-6fbe1e82e5a9,bdicteqg@google.pl,(692) 6517351,kmonginqg@skyrock.com,50
0619dddc-ec16-4ef2-8431-9fc0c7f0359a,jfeenyqh@example.com,(649) 7153270,dkirvinqh@deviantart.com,23
0163bdbe-70c4-4813-a29d-18088ba23bd5,helesqi@nydailynews.com,(222) 5010659,kmccutheonqi@constantcontact.com,32
771f76a4-3eb8-4bc4-9ad5-5efe858a2f98,rcolquitqj@google.co.jp,(261) 5457524,tcatmullqj@biblegateway.com,52
dd8292cb-e93f-49d0-9818-3ae65aff2bf1,wtotmanqk@mediafire.com,(525) 7894299,jhatchellqk@nifty.com,19
f855eb9c-5998-4ce3-a2c4-1b53870fa499,alandersql@state.tx.us,(177) 2388205,rscutcheonql@vinaora.com,38
b3e600c3-fb43-42b1-ae93-7b5f01a7b357,kellicottqm@lycos.com,(861) 4988179,cpavlenkoqm@cbslocal.com,24
6e1271d1-6e80-499b-8c4b-132fbfe0f327,rnarbettqn@japanpost.jp,(749) 6305409,olacasaqn@wikimedia.org,24
3e6b7a49-6a7d-4844-b2b7-1af2232955e8,gsidnallqo@dailymotion.com,(431) 3422175,mfarrandqo@surveymonkey.com,28
cf655067-3346-48d2-a9fe-62cf896b369f,salaboneqp@jigsy.com,(839) 6036644,ffossittqp@cpanel.net,21
11a32965-fcfd-40f6-af37-c5d3f68dffa8,sneemqq@illinois.edu,(950) 2485190,jcausbyqq@mysql.com,77
52f92a29-316e-40b8-80ab-fb5c7429fd9b,froisqr@clickbank.net,(653) 1457826,rdunbabinqr@newyorker.com,77
f289b016-0ac7-4ac9-858f-c4e6e1fa994e,nballintyneqs@rediff.com,(716) 9013581,ocroyserqs@amazon.co.uk,55
22ace2f3-1dde-4479-80dc-02c8b65daf3a,smathanqt@va.gov,(910) 7806202,dortnerqt@lulu.com,65
90ec6217-ada5-45de-b326-ad3354916ccd,mnursequ@so-net.ne.jp,(218) 1776429,jrockliffequ@state.tx.us,63
d443f855-6564-41c7-81a1-901f4e3bafb4,kflugerqv@samsung.com,(574) 3964734,mokroyqv@a8.net,80
bf8fa0b7-5cb6-42a8-bcbd-305361d69c2f,dgeldertqw@mapquest.com,(623) 7611913,caikmanqw@sourceforge.net,73
0f04a934-7507-49e0-b4da-7b7ddcdad37c,mdumphriesqx@amazon.de,(400) 5394372,arosanderqx@dedecms.com,72
e8e380a9-3def-4613-b816-07858883f349,rwaterhouseqy@over-blog.com,(777) 3088395,bsainerqy@salon.com,36
1394500f-9ddd-4214-b396-3931c27a1589,plilloeqz@diigo.com,(595) 9407736,bvongrollmannqz@home.pl,61
acf2a296-694f-4dab-90b0-2825353058e0,ddantonir0@mozilla.org,(626) 1835589,wjosumr0@prnewswire.com,60
91f4eaad-0d63-4328-ad24-e42fdf6e6464,jdumbltonr1@discuz.net,(345) 5649696,plongmater1@google.nl,18
bb1b70c0-2e75-4f79-b9cd-40c66a756384,nwhacketr2@w3.org,(364) 9982051,hvelr2@hostgator.com,31
54097125-8d87-4eed-9f83-cd9ecb851edd,savor3@columbia.edu,(481) 4916255,cartzr3@ezinearticles.com,23
2a5b3e55-9035-4085-8ee5-a183f6e11021,gkleingrubr4@tripadvisor.com,(883) 7481547,omosconer4@accuweather.com,68
2c347eea-d1ae-4fbe-b16b-e1bb82694f2b,vphippenr5@naver.com,(367) 4452407,tdefondr5@theatlantic.com,24
696d1413-fecb-447b-a93e-756c44d2ff86,dchillingworthr6@google.com.hk,(403) 6291078,rdunkleer6@rakuten.co.jp,67
949f5353-4f80-47ac-b652-3e06699a9670,sliffer7@zimbio.com,(919) 3375625,ryurkinr7@sciencedaily.com,76
ccd74927-df0c-4cc7-930d-f26d92182a70,kjursr8@twitter.com,(889) 2774605,tselbyr8@homestead.com,42
ad9a80b0-03e4-4e99-ab6c-04241c143b35,pbloxamr9@answers.com,(493) 6188109,cspavenr9@360.cn,62
2306b40f-5ffa-458b-8523-bdb550dbbcbb,pmorseyra@hp.com,(920) 2447611,glanslyra@drupal.org,19
e6986e04-7ae2-46de-92d4-265573cc9528,eromeirb@wordpress.org,(217) 9015564,caddessrb@networksolutions.com,78
e0d157ba-a931-43f0-a61a-0f1ce8ed1bc0,hdurtnelrc@squidoo.com,(288) 6688512,msniperc@utexas.edu,24
0d4ed9f4-155f-454f-95b6-fb82cc917fab,eerwinrd@lycos.com,(842) 1041229,iblofeldrd@economist.com,27
0d49ec3f-d506-4966-a4c3-76cd7516637d,tgaultre@tinyurl.com,(636) 8076764,mabbyre@google.ca,33
3f61c092-c218-4988-990c-af4604e02d76,cquadrirf@geocities.com,(349) 3755835,awoodersonrf@hibu.com,78
36f6fb42-e657-4f3c-aa47-9ea8f6f4ae91,mfrizellrg@bloomberg.com,(819) 2960025,ggabitesrg@dyndns.org,62
773b1beb-4119-4405-aa1c-34d672ef38a4,asydneyrh@privacy.gov.au,(405) 5445101,ccolemanrh@amazonaws.com,22
c0ddeb64-b5a6-46bd-b88d-6e7f72a04ee1,kskryneri@youtu.be,(315) 6913313,jslaneyri@friendfeed.com,24
fc6e1743-1da7-413d-add8-2d173d327b47,mgillbardrj@tripadvisor.com,(179) 1683472,tsemeniukrj@amazon.com,64
ff623bba-b043-4356-a1e8-551987c03d6a,pnobrigark@mapquest.com,(658) 2364631,gespinark@dion.ne.jp,69
4a74e1c2-6c91-47af-b483-4cfa0eecf843,bgettinsrl@meetup.com,(714) 2922340,gshortonrl@yolasite.com,78
0fbfa2a8-0f1e-42ae-be6a-d7b0a87dda24,kmachinrm@themeforest.net,(540) 3536068,ctilzeyrm@ning.com,57
b907bd41-e292-4375-bb66-b2b8465c4b88,jlagesrn@deliciousdays.com,(213) 1341518,lwinteringhamrn@arstechnica.com,66
a346b857-0ce9-423f-95f7-851c9b5a5928,bvolagero@usnews.com,(321) 6258086,wcoldbathro@wiley.com,35
b1b6ad8a-3f6c-4ce8-8366-652459db8a57,tmcpeckrp@indiegogo.com,(617) 1729297,tdyballrp@yahoo.co.jp,46
8a7216ca-0d71-45ae-863d-632a91dbc314,mhacaudrq@rakuten.co.jp,(206) 2044669,aswindellrq@issuu.com,23
548cbdb1-68d4-4e3e-80b2-123a98eaf9fc,nmarczykrr@newsvine.com,(814) 5527625,mjudkinsrr@wunderground.com,72
