krapps0@jugem.jp,808-724-6265,Kory Rapps,75
bconnue1@indiegogo.com,858-602-6014,Brinna Connue,77
lpimley2@europa.eu,103-274-3042,Lurette Pimley,66
tgalvan3@list-manage.com,896-512-9773,Tobi Galvan,108
dflitcroft4@dropbox.com,251-684-3263,Dedie Flitcroft,108
jsidsaff5@diigo.com,965-710-3245,Jojo Sidsaff,78
pcastagnaro6@shareasale.com,268-214-0052,Patrick Castagnaro,30
ebuffy7@bbb.org,822-549-3629,Ellerey Buffy,60
spithie8@examiner.com,537-178-4359,Shay Pithie,64
emoukes9@studiopress.com,253-748-5312,Elinore Moukes,107
jbutterfilla@w3.org,125-838-1599,Jamal Butterfill,105
fcoadeb@tiny.cc,260-298-9270,Franciskus Coade,43
tdibblec@fema.gov,532-999-2137,Tiertza Dibble,31
owindled@yellowbook.com,460-410-5928,Orbadiah Windle,67
dmatusove@virginia.edu,289-985-7333,Devy Matusov,65
nhurdlef@auda.org.au,699-436-2404,Nikolai Hurdle,20
ktreugeg@nhs.uk,471-439-3840,King Treuge,25
whueyh@discovery.com,730-153-7400,Wernher Huey,94
ldii@vistaprint.com,721-914-0835,Leo Di Iorio,38
rpolendinej@bbc.co.uk,812-616-5166,Ronnie Polendine,54
voruanek@ovh.net,682-712-4597,Veronique O'Ruane,70
dirdalel@goo.ne.jp,418-724-7029,Drusi Irdale,55
sgabbottm@bing.com,289-422-4616,Sibella Gabbott,33
mmccomishn@virginia.edu,808-174-7704,Marijo McComish,41
akohlermano@eventbrite.com,389-156-6857,Alberik Kohlerman,50
dticep@amazonaws.com,178-653-1025,Devy Tice,24
kiacovielloq@hud.gov,478-286-3976,Kaylyn Iacoviello,45
rdavidsonr@buzzfeed.com,259-428-3461,Reginald Davidson,81
blaimables@pcworld.com,962-255-1521,Brana Laimable,85
dkearleyt@unc.edu,565-676-5802,Darcee Kearley,35
tslavinu@mozilla.com,649-608-0182,Towny Slavin,97
lcaswillv@sphinn.com,516-960-6467,Loralie Caswill,78
ckuhntw@nydailynews.com,251-444-0818,Constantin Kuhnt,80
gpettingallx@umich.edu,316-876-5087,Giffy Pettingall,32
ebluchery@nps.gov,713-851-3233,Eadmund Blucher,19
airdalez@adobe.com,715-604-2839,Arabele Irdale,89
jgooms10@godaddy.com,115-759-2308,Josy Gooms,75
tnenci11@cnet.com,716-514-2448,Timothy Nenci,53
hsoots12@biblegateway.com,217-422-6790,Hall Soots,69
nranyard13@ted.com,203-933-8137,Nicky Ranyard,30
ggedling14@independent.co.uk,652-519-0420,Grace Gedling,64
asherlaw15@accuweather.com,293-644-8043,Averil Sherlaw,45
kmchardy16@loc.gov,260-621-4458,Kristan McHardy,28
eacedo17@live.com,494-300-8095,Eduardo Acedo,21
rnattriss18@goo.ne.jp,913-778-0742,Roarke Nattriss,45
kaaronson19@netvibes.com,618-880-5132,Kandy Aaronson,67
npresnail1a@pagesperso-orange.fr,757-841-9967,Nona Presnail,47
mmaggiore1b@nsw.gov.au,327-698-2033,Mitchael Maggiore,93
ivant1c@canalblog.com,669-624-4909,Isahella Vant,39
gstellman1d@meetup.com,845-398-2741,Gerald Stellman,48
kchaston1e@soundcloud.com,120-462-0657,Kordula Chaston,41
ahutable1f@chronoengine.com,360-837-9129,Armando Hutable,47
daddie1g@uol.com.br,880-277-5149,Demeter Addie,50
snorton1h@aboutads.info,301-324-1512,Scotti Norton,93
imarlon1i@phoca.cz,682-144-5510,Imelda Marlon,18
pstobbart1j@springer.com,831-817-3287,Pinchas Stobbart,18
apfeffle1k@fastcompany.com,789-372-6654,Arabella Pfeffle,25
ffullagar1l@auda.org.au,647-690-3547,Fraser Fullagar,26
fwase1m@go.com,130-699-9045,Florella Wase,107
jsandland1n@mlb.com,242-440-5365,Jolene Sandland,106
mhentzeler1o@upenn.edu,621-645-3000,Mufi Hentzeler,95
dthuillier1p@economist.com,386-192-7527,Dominique Thuillier,32
ahunston1q@digg.com,702-208-1547,Alessandro Hunston,44
sgivens1r@shop-pro.jp,870-138-2415,Stephie Givens,101
fmawhinney1s@weebly.com,996-844-3782,Franklin Mawhinney,24
jrowter1t@google.it,867-351-1240,Joya Rowter,72
mbromehead1u@wikispaces.com,359-882-5979,Marlane Bromehead,84
bben1v@scribd.com,633-288-1434,Barbara Ben,88
lfargher1w@pen.io,591-403-9899,Luz Fargher,110
aswiffen1x@studiopress.com,582-483-1115,Ashli Swiffen,35
dcodi1y@xrea.com,706-806-3684,Dreddy Codi,40
loglessane1z@boston.com,734-566-3337,Louis O'Glessane,22
kblakeden20@gizmodo.com,309-537-8909,Kamila Blakeden,44
aburhouse21@cdbaby.com,636-431-2608,Andriana Burhouse,99
wlumbers22@reddit.com,846-378-3265,Winfield Lumbers,23
wetherson23@economist.com,735-139-8276,Warner Etherson,42
bcheak24@yale.edu,988-481-0216,Ben Cheak,55
rmacgillavery25@theglobeandmail.com,278-811-2370,Rodolph MacGillavery,105
rmardling26@google.com,235-687-9803,Renelle Mardling,103
mlacroix27@macromedia.com,284-180-6764,Meagan Lacroix,43
gdelia28@wp.com,866-245-1725,Goddart D'Elia,55
mpitrasso29@chicagotribune.com,138-145-1659,Maddi Pitrasso,76
ssaw2a@pbs.org,339-671-7054,Shea Saw,106
cwarkup2b@canalblog.com,127-969-9005,Carrie Warkup,58
dwashington2c@apache.org,182-923-7396,Darlene Washington,75
brief2d@census.gov,302-859-7953,Bill Rief,105
ajohanning2e@dailymotion.com,576-227-8361,Anny Johanning,38
mkhilkov2f@yandex.ru,146-781-7189,Mara Khilkov,97
ctregian2g@php.net,358-280-1370,Cleavland Tregian,22
ohalloway2h@mapquest.com,489-673-5304,Oralee Halloway,40
lflowith2i@census.gov,537-546-5023,Lester Flowith,49
pgillbee2j@ucla.edu,905-856-3344,Patti Gillbee,25
tarcher2k@amazonaws.com,173-807-5752,Trixie Archer,83
lgreenlees2l@taobao.com,520-475-6537,Leeland Greenlees,41
dmeuse2m@marriott.com,632-454-2713,Dorian Meuse,47
vlorimer2n@state.tx.us,656-393-3133,Vail Lorimer,47
aluca2o@comcast.net,163-440-8273,Alexandrina Luca,92
btrevaskis2p@macromedia.com,879-655-7177,Brinn Trevaskis,38
emcaughtrie2q@goo.ne.jp,475-681-4480,Elsa McAughtrie,86
mrockall2r@go.com,600-800-7623,Maia Rockall,97
